year,name,spotrac_url,spotrac_id,team,bonus,position,country,mlb_id,birthdate
2025,Roki Sasaki,https://www.spotrac.com/mlb/player/_/id/82038,_id82038,Japan,6500000,P,LAD,808963,2001-11-03
2025,Elian Pe√±a,https://www.spotrac.com/mlb/player/_/id/96355,_id96355,Dominican Republic,5000000,SS,NYM,829033,2007-10-19
2025,Andrew Salas,https://www.spotrac.com/mlb/player/_/id/96322,_id96322,Venezuela,3600000,SS,MIA,,
2025,Cris Rodriguez,https://www.spotrac.com/mlb/player/_/id/96296,_id96296,Dominican Republic,3200000,OF,DET,,
2025,Josuar Gonzalez,https://www.spotrac.com/mlb/player/_/id/96388,_id96388,Dominican Republic,3000000,SS,SF,,
2025,Diego Tornes,https://www.spotrac.com/mlb/player/_/id/96241,_id96241,Cuba,2500000,OF,ATL,,
2025,Kendry Martinez,https://www.spotrac.com/mlb/player/_/id/96393,_id96393,Dominican Republic,2500000,SS,SEA,,
2025,Manny Cedeno,https://www.spotrac.com/mlb/player/_/id/96367,_id96367,Dominican Republic,2500000,SS,NYY,,
2025,Johan De Los Santos,https://www.spotrac.com/mlb/player/_/id/96380,_id96380,Dominican Republic,2400000,SS,PIT,,
2025,Wilfri De La Cruz,https://www.spotrac.com/mlb/player/_/id/96260,_id96260,Dominican Republic,2300000,SS,CHC,829043,2007-09-15
2025,Cristopher Polanco,https://www.spotrac.com/mlb/player/_/id/96861,_id96861,Dominican Republic,2297500,SS,TOR,,
2025,Yorger Bautista,https://www.spotrac.com/mlb/player/_/id/96392,_id96392,Venezuela,2100000,OF,SEA,,
2025,Alejandro Cruz,https://www.spotrac.com/mlb/player/_/id/96267,_id96267,Cuba,2000000,3B,CHW,,
2025,Gabriel Davalillo,https://www.spotrac.com/mlb/player/_/id/96313,_id96313,Venezuela,2000000,C,LAA,,
2025,Kevin Alvarez,https://www.spotrac.com/mlb/player/_/id/96299,_id96299,Cuba,2000000,OF,HOU,829037,2008-01-13
2025,Warren Calcano,https://www.spotrac.com/mlb/player/_/id/96307,_id96307,Dominican Republic,2000000,SS,KC,829071,2007-10-17
2025,Brayan Cortesia,https://www.spotrac.com/mlb/player/_/id/96419,_id96419,Venezuela,1920000,SS,WSH,829049,2007-11-14
2025,Liberts Aponte,https://www.spotrac.com/mlb/player/_/id/96271,_id96271,Venezuela,1900000,SS,CIN,829051,2007-11-08
2025,Raudy Reyes,https://www.spotrac.com/mlb/player/_/id/96242,_id96242,Dominican Republic,1797500,P,ATL,,
2025,Darell Morel,https://www.spotrac.com/mlb/player/_/id/96382,_id96382,Dominican Republic,1778600,SS,PIT,829716,2007-09-15
2025,Santiago Leon,https://www.spotrac.com/mlb/player/_/id/96346,_id96346,Venezuela,1700000,SS,MIN,829054,2008-06-25
2025,Maykel Coret,https://www.spotrac.com/mlb/player/_/id/96405,_id96405,Dominican Republic,1600000,OF,TB,,
2025,Shotaro Morii,https://www.spotrac.com/mlb/player/_/id/96237,_id96237,Japan,1510500,TWP,ATH,829679,2006-12-15
2025,Ayden Johnson,https://www.spotrac.com/mlb/player/_/id/96238,_id96238,The Bahamas,1500000,SS,ATH,,
2025,Breyson Guedez,https://www.spotrac.com/mlb/player/_/id/96239,_id96239,Venezuela,1500000,OF,ATH,,
2025,Juan Cabada,https://www.spotrac.com/mlb/player/_/id/96261,_id96261,Dominican Republic,1500000,SS,CHC,829040,2008-04-30
2025,Dorian Soto,https://www.spotrac.com/mlb/player/_/id/96253,_id96253,Dominican Republic,1400000,SS,BOS,,
2025,Royelny Strop,https://www.spotrac.com/mlb/player/_/id/96228,_id96228,Dominican Republic,1400000,OF,STL,829062,2008-06-04
2025,Kenny Fenelon,https://www.spotrac.com/mlb/player/_/id/96336,_id96336,Dominican Republic,1300000,OF,MIL,,
2025,Yulian Barreto,https://www.spotrac.com/mlb/player/_/id/96390,_id96390,Venezuela,1118700,SS,SF,829905,2007-09-20
2025,Cristopher Acosta,https://www.spotrac.com/mlb/player/_/id/96338,_id96338,Dominican Republic,1100000,SS,MIL,,
2025,Daniel Hernandez,https://www.spotrac.com/mlb/player/_/id/96420,_id96420,Venezuela,1100000,C,WSH,,
2025,Djean Macares,https://www.spotrac.com/mlb/player/_/id/96389,_id96389,Aruba,1100000,OF,SF,,
2025,Elian De La Cruz,https://www.spotrac.com/mlb/player/_/id/96230,_id96230,Dominican Republic,1100000,OF,ARI,,
2025,Juan Tomas,https://www.spotrac.com/mlb/player/_/id/96262,_id96262,Dominican Republic,1100000,SS,CHC,829823,2007-11-28
2025,Raymer Medina,https://www.spotrac.com/mlb/player/_/id/96406,_id96406,Dominican Republic,1100000,SS,TB,829068,2007-10-31
2025,Elorky Rodriguez,https://www.spotrac.com/mlb/player/_/id/96410,_id96410,Dominican Republic,1097500,OF,TEX,,
2025,Warrel Solano,https://www.spotrac.com/mlb/player/_/id/96229,_id96229,Dominican Republic,1050000,SS,TB,,
2025,Brailyn Antunez,https://www.spotrac.com/mlb/player/_/id/96337,_id96337,Venezuela,1000000,OF,MIL,,
2025,Carlos Alvarez,https://www.spotrac.com/mlb/player/_/id/96728,_id96728,Dominican Republic,1000000,P,SD,510613,1987-10-28
2025,Jhoan De La Cruz,https://www.spotrac.com/mlb/player/_/id/96736,_id96736,Dominican Republic,1000000,SS,SD,,
2025,Teilon Serrano,https://www.spotrac.com/mlb/player/_/id/96349,_id96349,Dominican Republic,1000000,OF,MIN,829080,2008-05-22
2025,Juan Sanchez,https://www.spotrac.com/mlb/player/_/id/96863,_id96863,Dominican Republic,997500,SS,TOR,,
2025,Alam Bruno,https://www.spotrac.com/mlb/player/_/id/96499,_id96499,Dominican Republic,950000,SS,ARI,,
2025,Haritzon Castillo,https://www.spotrac.com/mlb/player/_/id/96348,_id96348,Venezuela,950000,SS,MIN,829061,2008-03-23
2025,Harold Rivas,https://www.spotrac.com/mlb/player/_/id/96254,_id96254,Venezuela,950000,OF,BOS,,
2025,Ramcell Medina,https://www.spotrac.com/mlb/player/_/id/96308,_id96308,Dominican Republic,950000,SS,KC,829096,2007-11-13
2025,Deivid Coronil,https://www.spotrac.com/mlb/player/_/id/96855,_id96855,Venezuela,900000,SS,SD,,
2025,Gabriel Rodriguez,https://www.spotrac.com/mlb/player/_/id/96381,_id96381,Venezuela,900000,SS,PIT,,
2025,Hiverson Lopez,https://www.spotrac.com/mlb/player/_/id/96277,_id96277,Venezuela,900000,C,CLE,,
2025,Yilver De Paula,https://www.spotrac.com/mlb/player/_/id/96314,_id96314,Dominican Republic,900000,SS,LAA,,
2025,Jose Ramirez,https://www.spotrac.com/mlb/player/_/id/96297,_id96297,Venezuela,897500,C,DET,,
2025,Ruben Castillo,https://www.spotrac.com/mlb/player/_/id/96368,_id96368,Dominican Republic,875000,OF,NYY,,
2025,Darwing Ozuna,https://www.spotrac.com/mlb/player/_/id/96240,_id96240,Dominican Republic,850000,OF,ATH,,
2025,Wandi Feliz,https://www.spotrac.com/mlb/player/_/id/96289,_id96289,Dominican Republic,850000,OF,COL,,
2025,Heins Brito,https://www.spotrac.com/mlb/player/_/id/96278,_id96278,Dominican Republic,825000,SS,CLE,,
2025,Enry Torres,https://www.spotrac.com/mlb/player/_/id/96272,_id96272,Venezuela,800000,C,CIN,,
2025,Nieves Izaguirre,https://www.spotrac.com/mlb/player/_/id/96373,_id96373,Venezuela,800000,SS,PHI,,
2025,Carlos Benavides,https://www.spotrac.com/mlb/player/_/id/96298,_id96298,Venezuela,797500,C,DET,,
2025,Elenaiker Coronado,https://www.spotrac.com/mlb/player/_/id/96868,_id96868,Venezuela,797500,SS,TOR,,
2025,Luis Garcia,https://www.spotrac.com/mlb/player/_/id/96279,_id96279,Dominican Republic,775000,SS,CLE,,
2025,Isaias Castillo,https://www.spotrac.com/mlb/player/_/id/96369,_id96369,Dominican Republic,750000,OF,NYY,,
2025,Juan Rujano,https://www.spotrac.com/mlb/player/_/id/96400,_id96400,Panama,750000,C,STL,,
2025,Kamuel Villar,https://www.spotrac.com/mlb/player/_/id/96837,_id96837,Dominican Republic,750000,SS,COL,,
2025,Rosniel De Paula,https://www.spotrac.com/mlb/player/_/id/96292,_id96292,Dominican Republic,750000,SS,COL,,
2025,Johanse Gomez,https://www.spotrac.com/mlb/player/_/id/96436,_id96436,Dominican Republic,747500,OF,BAL,,
2025,Elias Marrero,https://www.spotrac.com/mlb/player/_/id/96374,_id96374,Dominican Republic,700000,SS,PHI,,
2025,Eliezer Alfonzo,https://www.spotrac.com/mlb/player/_/id/96255,_id96255,Venezuela,700000,SS,BOS,672613,1999-09-23
2025,Isaac Garcia,https://www.spotrac.com/mlb/player/_/id/96273,_id96273,Venezuela,700000,OF,CIN,,
2025,Kenly Hunter,https://www.spotrac.com/mlb/player/_/id/96399,_id96399,Nicaragua,700000,OF,STL,,
2025,Deivis Velasquez,https://www.spotrac.com/mlb/player/_/id/96375,_id96375,Venezuela,620000,C,PHI,,
2025,Elias Perez,https://www.spotrac.com/mlb/player/_/id/96394,_id96394,Dominican Republic,600000,OF,SEA,,
2025,Maikol Rodriguez,https://www.spotrac.com/mlb/player/_/id/96395,_id96395,Venezuela,600000,OF,SEA,,
2025,Sebastian Blanco,https://www.spotrac.com/mlb/player/_/id/96291,_id96291,Venezuela,600000,SS,COL,,
2025,Kennew Blanco,https://www.spotrac.com/mlb/player/_/id/96867,_id96867,Venezuela,597500,SS,TOR,815891,2006-06-21
2025,Kevin Defrank,https://www.spotrac.com/mlb/player/_/id/96323,_id96323,Dominican Republic,580000,P,MIA,829074,2008-08-11
2025,Orlando Patino,https://www.spotrac.com/mlb/player/_/id/96511,_id96511,Venezuela,570000,OF,CHW,,
2025,Anthony Abreu,https://www.spotrac.com/mlb/player/_/id/96324,_id96324,Dominican Republic,550000,OF,MIA,829740,2008-01-08
2025,Ronny Suarez,https://www.spotrac.com/mlb/player/_/id/96233,_id96233,Venezuela,550000,OF,ARI,,
2025,Angel Salio,https://www.spotrac.com/mlb/player/_/id/96274,_id96274,Dominican Republic,500000,SS,CIN,,
2025,Emmanuel Cedeno,https://www.spotrac.com/mlb/player/_/id/96490,_id96490,Dominican Republic,500000,SS,TB,829703,2007-09-25
2025,Hector Ramos,https://www.spotrac.com/mlb/player/_/id/96256,_id96256,Dominican Republic,500000,SS,BOS,,
2025,Juan Brima,https://www.spotrac.com/mlb/player/_/id/96498,_id96498,Dominican Republic,500000,SS,ARI,,
2025,Mayki De La Rosa,https://www.spotrac.com/mlb/player/_/id/96234,_id96234,Dominican Republic,500000,OF,ARI,,
2025,Miguel Hernandez,https://www.spotrac.com/mlb/player/_/id/96401,_id96401,Venezuela,500000,SS,STL,,
2025,Sadbiel Delzine,https://www.spotrac.com/mlb/player/_/id/96479,_id96479,United States,500000,P,BOS,,
2025,Yorvit Diaz,https://www.spotrac.com/mlb/player/_/id/96705,_id96705,Dominican Republic,500000,SS,ATH,,
2025,Jhon Simon,https://www.spotrac.com/mlb/player/_/id/96411,_id96411,Dominican Republic,497500,3B,TEX,,
2025,Meykel Baro,https://www.spotrac.com/mlb/player/_/id/96494,_id96494,Cuba,497500,SS,BAL,829965,2008-08-14
2025,Isais Chavez,https://www.spotrac.com/mlb/player/_/id/96339,_id96339,Venezuela,480000,C,MIL,,
2025,Anthony Millan,https://www.spotrac.com/mlb/player/_/id/96300,_id96300,Venezuela,472500,OF,HOU,,
2025,Gustavo Baptista,https://www.spotrac.com/mlb/player/_/id/96280,_id96280,Venezuela,450000,C,CLE,,
2025,Po-Chu Lin,https://www.spotrac.com/mlb/player/_/id/96396,_id96396,Taiwan,450000,P,SEA,,
2025,Ronny Bello,https://www.spotrac.com/mlb/player/_/id/96421,_id96421,Dominican Republic,450000,SS,WSH,,
2025,Yeferson Portolatin,https://www.spotrac.com/mlb/player/_/id/96402,_id96402,Dominican Republic,450000,SS,STL,,
2025,Anderson Diaz,https://www.spotrac.com/mlb/player/_/id/96459,_id96459,Venezuela,447500,P,DET,,
2025,Angel Carmona,https://www.spotrac.com/mlb/player/_/id/96243,_id96243,Venezuela,447500,SS,ATL,,
2025,Juan Rojas,https://www.spotrac.com/mlb/player/_/id/96303,_id96303,Dominican Republic,447500,SS,HOU,700357,2004-01-31
2025,Geremy Villoria,https://www.spotrac.com/mlb/player/_/id/96827,_id96827,Venezuela,425000,P,PHI,,
2025,Larry Suero,https://www.spotrac.com/mlb/player/_/id/96293,_id96293,Dominican Republic,425000,3B,COL,,
2025,Jose Barrios,https://www.spotrac.com/mlb/player/_/id/96351,_id96351,Venezuela,422500,SS,MIN,829737,2008-01-21
2025,Adrian Pena,https://www.spotrac.com/mlb/player/_/id/96325,_id96325,Dominican Republic,400000,P,MIA,,
2025,Alex Rodriguez,https://www.spotrac.com/mlb/player/_/id/96488,_id96488,Cuba,400000,OF,TEX,694303,1998-09-10
2025,Brian Tiburcio,https://www.spotrac.com/mlb/player/_/id/96294,_id96294,Dominican Republic,400000,P,COL,,
2025,Carlos Bello,https://www.spotrac.com/mlb/player/_/id/96371,_id96371,Dominican Republic,400000,SS,NYY,830470,2007-12-19
2025,Dencer Diaz,https://www.spotrac.com/mlb/player/_/id/96492,_id96492,Dominican Republic,400000,SS,MIN,829925,2008-07-24
2025,Esnaider Vargas,https://www.spotrac.com/mlb/player/_/id/96564,_id96564,Dominican Republic,400000,OF,WSH,,
2025,Jose Riera,https://www.spotrac.com/mlb/player/_/id/96281,_id96281,Venezuela,400000,SS,CLE,,
2025,Jose Santana,https://www.spotrac.com/mlb/player/_/id/96316,_id96316,Dominican Republic,400000,SS,LAA,,
2025,Luis Ramon King,https://www.spotrac.com/mlb/player/_/id/96311,_id96311,Dominican Republic,400000,OF,KC,,
2025,Marconi German,https://www.spotrac.com/mlb/player/_/id/96560,_id96560,Dominican Republic,400000,SS,WSH,,
2025,Robinson Smith,https://www.spotrac.com/mlb/player/_/id/96384,_id96384,Australia,400000,P,PIT,,
2025,Yojancel Cabrera,https://www.spotrac.com/mlb/player/_/id/96315,_id96315,Dominican Republic,400000,SS,LAA,,
2025,Yordan Rodriguez,https://www.spotrac.com/mlb/player/_/id/96765,_id96765,Cuba,400000,P,ATH,830007,2008-01-29
2025,Yoslaniel Hernandez,https://www.spotrac.com/mlb/player/_/id/96383,_id96383,Cuba,400000,P,PIT,,
2025,Emil Martinez,https://www.spotrac.com/mlb/player/_/id/96963,_id96963,Dominican Republic,397500,SS,TEX,,
2025,Jhonger Ochoa,https://www.spotrac.com/mlb/player/_/id/96816,_id96816,Venezuela,397500,SS,DET,,
2025,Joyner Perez,https://www.spotrac.com/mlb/player/_/id/96352,_id96352,Dominican Republic,397500,OF,MIN,829836,2008-06-19
2025,Oliver Guerrero,https://www.spotrac.com/mlb/player/_/id/96612,_id96612,Dominican Republic,397500,OF,TEX,,
2025,Omar Damian,https://www.spotrac.com/mlb/player/_/id/96301,_id96301,Dominican Republic,397500,P,HOU,,
2025,Ronald Terrero,https://www.spotrac.com/mlb/player/_/id/96248,_id96248,Cuba,397500,SS,BAL,829985,2007-09-07
2025,Angel De Los Santos,https://www.spotrac.com/mlb/player/_/id/96536,_id96536,Dominican Republic,387500,SS,DET,,
2025,Yeison Acosta,https://www.spotrac.com/mlb/player/_/id/96249,_id96249,Cuba,372500,C,BAL,829973,2007-09-22
2025,Adrian Torres,https://www.spotrac.com/mlb/player/_/id/96847,_id96847,Panama,365000,P,LAD,,
2025,Adriano Marrero,https://www.spotrac.com/mlb/player/_/id/96862,_id96862,Cuba,350000,P,MIA,830809,2007-09-18
2025,Alan Escobar,https://www.spotrac.com/mlb/player/_/id/96609,_id96609,Venezuela,350000,OF,CHW,830050,2008-08-03
2025,Alexander Frias,https://www.spotrac.com/mlb/player/_/id/96343,_id96343,Dominican Republic,350000,OF,MIL,,
2025,Brainerh Palacios,https://www.spotrac.com/mlb/player/_/id/96618,_id96618,Venezuela,350000,C,TB,830023,2008-05-30
2025,Cesar Familia,https://www.spotrac.com/mlb/player/_/id/96478,_id96478,Dominican Republic,350000,P,CHW,830005,2007-10-16
2025,Cesar Paredes,https://www.spotrac.com/mlb/player/_/id/96320,_id96320,Dominican Republic,350000,SS,LAA,827650,2008-06-05
2025,Christopher Cordero,https://www.spotrac.com/mlb/player/_/id/96258,_id96258,Dominican Republic,350000,P,BOS,829935,2008-07-22
2025,Daniel Gomez,https://www.spotrac.com/mlb/player/_/id/96540,_id96540,Venezuela,350000,P,STL,822285,2008-01-06
2025,Gerlyn Payano,https://www.spotrac.com/mlb/player/_/id/96340,_id96340,Dominican Republic,350000,OF,MIL,,
2025,Jealmy Frias,https://www.spotrac.com/mlb/player/_/id/96275,_id96275,Dominican Republic,350000,SS,CIN,,
2025,Jonierbis Garces,https://www.spotrac.com/mlb/player/_/id/96568,_id96568,Venezuela,350000,OF,WSH,829730,2007-12-22
2025,Leonardo Carpio,https://www.spotrac.com/mlb/player/_/id/96378,_id96378,Venezuela,350000,OF,PHI,827425,2007-10-01
2025,Melkys Ventura,https://www.spotrac.com/mlb/player/_/id/96838,_id96838,Dominican Republic,350000,P,COL,,
2025,Santiago Martinez,https://www.spotrac.com/mlb/player/_/id/96304,_id96304,Venezuela,347500,SS,HOU,,
2025,Johan Machado,https://www.spotrac.com/mlb/player/_/id/96330,_id96330,Venezuela,330000,SS,MIA,829721,2007-11-07
2025,Jhomnardo Reyes,https://www.spotrac.com/mlb/player/_/id/96353,_id96353,Dominican Republic,322500,OF,MIN,829076,2007-10-06
2025,Luis Galan,https://www.spotrac.com/mlb/player/_/id/96283,_id96283,Dominican Republic,320000,SS,CLE,,
2025,Adrian Valdez,https://www.spotrac.com/mlb/player/_/id/96659,_id96659,Dominican Republic,300000,OF,BOS,,
2025,Albert Morel,https://www.spotrac.com/mlb/player/_/id/96321,_id96321,Dominican Republic,300000,P,LAA,,
2025,Dayber Cruceta,https://www.spotrac.com/mlb/player/_/id/96377,_id96377,Dominican Republic,300000,OF,PHI,827426,2008-03-16
2025,Edgardo Figueroa,https://www.spotrac.com/mlb/player/_/id/96576,_id96576,Venezuela,300000,C,WSH,829702,2007-09-10
2025,Edison Charles,https://www.spotrac.com/mlb/player/_/id/96370,_id96370,Dominican Republic,300000,OF,NYY,,
2025,Emile Torres,https://www.spotrac.com/mlb/player/_/id/96491,_id96491,Dominican Republic,300000,OF,TB,829736,2008-01-02
2025,Eryks Rivero,https://www.spotrac.com/mlb/player/_/id/96341,_id96341,Venezuela,300000,OF,MIL,,
2025,Eybert Sanchez,https://www.spotrac.com/mlb/player/_/id/96235,_id96235,Venezuela,300000,SS,ARI,,
2025,Feliz Genao,https://www.spotrac.com/mlb/player/_/id/96500,_id96500,Dominican Republic,300000,3B,ARI,,
2025,Jhonny Morao,https://www.spotrac.com/mlb/player/_/id/96606,_id96606,Venezuela,300000,P,CHW,830045,2007-10-11
2025,Junior Suriel,https://www.spotrac.com/mlb/player/_/id/96650,_id96650,Dominican Republic,300000,OF,LAA,,
2025,Luis Tovar,https://www.spotrac.com/mlb/player/_/id/96848,_id96848,Venezuela,300000,SS,LAD,,
2025,Victor Santana,https://www.spotrac.com/mlb/player/_/id/96497,_id96497,Dominican Republic,300000,SS,ARI,,
2025,Yelinson Betances,https://www.spotrac.com/mlb/player/_/id/96651,_id96651,Dominican Republic,300000,OF,LAA,,
2025,Yobal Rodriguez,https://www.spotrac.com/mlb/player/_/id/96270,_id96270,Cuba,300000,P,CHW,830034,2008-02-09
2025,Yordani Soto,https://www.spotrac.com/mlb/player/_/id/96269,_id96269,Dominican Republic,300000,SS,CHW,,
2025,Yostin Pena,https://www.spotrac.com/mlb/player/_/id/96542,_id96542,Dominican Republic,300000,OF,STL,,
2025,Aiverson Barazarte,https://www.spotrac.com/mlb/player/_/id/96481,_id96481,Venezuela,250000,C,ATH,,
2025,Enmanuel Figuerero,https://www.spotrac.com/mlb/player/_/id/96672,_id96672,Dominican Republic,250000,OF,BOS,,
2025,Luis Morejon,https://www.spotrac.com/mlb/player/_/id/96849,_id96849,Cuba,250000,OF,COL,,
2025,Ricardo Reyes,https://www.spotrac.com/mlb/player/_/id/96764,_id96764,Dominican Republic,250000,P,ATH,,
2025,Freddy Hernandez,https://www.spotrac.com/mlb/player/_/id/96318,_id96318,Venezuela,230000,P,LAA,820861,2006-08-07
2025,Jefferson Vargas,https://www.spotrac.com/mlb/player/_/id/96461,_id96461,Venezuela,230000,SS,CLE,829963,2007-10-04
2025,Rodny Rosario,https://www.spotrac.com/mlb/player/_/id/96460,_id96460,Venezuela,230000,SS,CLE,829993,2007-11-21
2025,Wilner Berroteran,https://www.spotrac.com/mlb/player/_/id/96319,_id96319,Venezuela,220000,P,LAA,,
2025,Anthony Santa Cruz de Oviedo,https://www.spotrac.com/mlb/player/_/id/96317,_id96317,Cuba,200000,OF,LAA,829888,2007-03-15
2025,Carlos Duran,https://www.spotrac.com/mlb/player/_/id/96486,_id96486,Dominican Republic,200000,P,PHI,679922,2001-07-30
2025,Carlos Salmeron,https://www.spotrac.com/mlb/player/_/id/96482,_id96482,Venezuela,200000,OF,ATH,,
2025,Carlos Severino,https://www.spotrac.com/mlb/player/_/id/96628,_id96628,Dominican Republic,200000,SS,PHI,,
2025,Frank Mieses,https://www.spotrac.com/mlb/player/_/id/96477,_id96477,Dominican Republic,200000,OF,CHW,,
2025,Limanol Payero,https://www.spotrac.com/mlb/player/_/id/96487,_id96487,Dominican Republic,200000,OF,PIT,829720,2007-11-20
2025,Ricardo Osorio,https://www.spotrac.com/mlb/player/_/id/96485,_id96485,Venezuela,200000,P,ATH,,
2025,Freilyn Rodriguez,https://www.spotrac.com/mlb/player/_/id/96285,_id96285,Dominican Republic,180000,OF,CLE,,
2025,Luis Steven King,https://www.spotrac.com/mlb/player/_/id/96835,_id96835,Dominican Republic,170000,OF,KC,,
2025,Kadil Rubio,https://www.spotrac.com/mlb/player/_/id/96489,_id96489,Cuba,160000,OF,TB,,
2025,Jhorman Bravo,https://www.spotrac.com/mlb/player/_/id/96259,_id96259,Venezuela,150000,SS,BOS,,
2025,Marcos Pileta,https://www.spotrac.com/mlb/player/_/id/96462,_id96462,Cuba,150000,OF,CLE,,
2025,Luis Luna,https://www.spotrac.com/mlb/player/_/id/96854,_id96854,Colombia,140000,SS,LAD,,
2025,Luis Santos,https://www.spotrac.com/mlb/player/_/id/96446,_id96446,Dominican Republic,135000,SS,CHC,,
2025,Yerlin Burgos,https://www.spotrac.com/mlb/player/_/id/96707,_id96707,Dominican Republic,135000,P,ATH,,
2025,Omar Guadamuz,https://www.spotrac.com/mlb/player/_/id/96276,_id96276,Nicaragua,130000,SS,CIN,,
2025,Edwin Mendoza,https://www.spotrac.com/mlb/player/_/id/96483,_id96483,Venezuela,125000,P,ATH,,
2025,Hansel Ramirez,https://www.spotrac.com/mlb/player/_/id/96475,_id96475,Dominican Republic,125000,3B,TEX,,
2025,Jhose Brea,https://www.spotrac.com/mlb/player/_/id/96763,_id96763,Dominican Republic,125000,P,ATH,,
2025,Julio Acosta,https://www.spotrac.com/mlb/player/_/id/96265,_id96265,Dominican Republic,125000,OF,CHC,829930,2007-10-08
2025,Ricardo Romero,https://www.spotrac.com/mlb/player/_/id/96463,_id96463,Venezuela,110000,SS,CLE,,
2025,Ishel Martinez,https://www.spotrac.com/mlb/player/_/id/96850,_id96850,Curacao,100000,OF,COL,,
2025,Stiven De La Cruz,https://www.spotrac.com/mlb/player/_/id/96662,_id96662,Dominican Republic,100000,OF,BOS,,
2025,Williams Montero,https://www.spotrac.com/mlb/player/_/id/96664,_id96664,Venezuela,100000,P,BOS,,
2025,Jeury Ramirez,https://www.spotrac.com/mlb/player/_/id/96774,_id96774,Dominican Republic,80000,OF,CHC,829875,2007-10-11
2025,Jhonny Osta,https://www.spotrac.com/mlb/player/_/id/96671,_id96671,Venezuela,80000,OF,BOS,,
2025,Alex Valiente,https://www.spotrac.com/mlb/player/_/id/96860,_id96860,Cuba,75000,P,TOR,,
2025,Elian Adames,https://www.spotrac.com/mlb/player/_/id/96825,_id96825,Dominican Republic,75000,OF,PHI,,
2025,Juan Lopez,https://www.spotrac.com/mlb/player/_/id/96480,_id96480,Dominican Republic,70000,P,WSH,,
2025,Eduardo Guillen,https://www.spotrac.com/mlb/player/_/id/96496,_id96496,Cuba,65000,OF,PHI,,
2025,Josh Perez,https://www.spotrac.com/mlb/player/_/id/96288,_id96288,Dominican Republic,60000,P,CLE,829789,2008-01-23
2025,Luis Abreu,https://www.spotrac.com/mlb/player/_/id/96708,_id96708,Dominican Republic,60000,SS,CHC,829840,2008-02-26
2025,Robert Alvarez,https://www.spotrac.com/mlb/player/_/id/96464,_id96464,Venezuela,60000,C,CLE,830028,2007-11-13
2025,Albert Munoz,https://www.spotrac.com/mlb/player/_/id/96607,_id96607,Dominican Republic,50000,P,CHW,,
2025,Carlos Martinez,https://www.spotrac.com/mlb/player/_/id/96391,_id96391,Venezuela,50000,C,SF,,
2025,Israel Alvarez,https://www.spotrac.com/mlb/player/_/id/96465,_id96465,Venezuela,50000,SS,CLE,829980,2007-10-08
2025,Jhordari Jimenez,https://www.spotrac.com/mlb/player/_/id/96284,_id96284,Dominican Republic,50000,P,CLE,,
2025,Lester Suarez,https://www.spotrac.com/mlb/player/_/id/96669,_id96669,Venezuela,50000,C,BOS,,
2025,Alan Carpinteiro,https://www.spotrac.com/mlb/player/_/id/96836,_id96836,Mexico,45000,P,SEA,,
2025,Jhosman Theran,https://www.spotrac.com/mlb/player/_/id/96864,_id96864,Colombia,45000,OF,LAD,,
2025,Armstrong Muhoozi,https://www.spotrac.com/mlb/player/_/id/96386,_id96386,Uganda,40000,SS,PIT,,
2025,Breyner Figuereo,https://www.spotrac.com/mlb/player/_/id/96698,_id96698,Dominican Republic,40000,OF,CHC,825156,2008-06-09
2025,Geomaikel Martinez,https://www.spotrac.com/mlb/player/_/id/96667,_id96667,Venezuela,40000,OF,BOS,,
2025,Jesus Delgado,https://www.spotrac.com/mlb/player/_/id/96484,_id96484,Venezuela,40000,P,ATH,815472,2003-09-15
2025,Juanyerlin Duran,https://www.spotrac.com/mlb/player/_/id/96675,_id96675,Dominican Republic,40000,P,BOS,,
2025,Luis Aular,https://www.spotrac.com/mlb/player/_/id/96676,_id96676,Venezuela,40000,SS,BOS,,
2025,Maikol Tovar,https://www.spotrac.com/mlb/player/_/id/96668,_id96668,Venezuela,40000,OF,BOS,,
2025,Yunior Villavicencio,https://www.spotrac.com/mlb/player/_/id/96443,_id96443,Cuba,40000,P,BAL,825148,2008-03-01
2025,Moises Morales,https://www.spotrac.com/mlb/player/_/id/96677,_id96677,Mexico,35000,C,MIA,,
2025,Felix Doroteo,https://www.spotrac.com/mlb/player/_/id/96476,_id96476,Dominican Republic,30000,P,CHW,,
2025,Randy Baron,https://www.spotrac.com/mlb/player/_/id/96282,_id96282,Dominican Republic,25500,P,CLE,,
2025,Wilfi Rodriguez,https://www.spotrac.com/mlb/player/_/id/96287,_id96287,Dominican Republic,25000,P,CLE,,
2025,Gustavo Antunez,https://www.spotrac.com/mlb/player/_/id/96445,_id96445,Venezuela,20000,OF,BOS,,
2025,Jainer Almanza,https://www.spotrac.com/mlb/player/_/id/96444,_id96444,Colombia,20000,P,BOS,,
2025,Jesus Martinez,https://www.spotrac.com/mlb/player/_/id/96666,_id96666,Colombia,20000,P,BOS,,
2025,Krizhan Ulacio,https://www.spotrac.com/mlb/player/_/id/96665,_id96665,Venezuela,20000,OF,BOS,,
2025,Louis Andujar,https://www.spotrac.com/mlb/player/_/id/96660,_id96660,Dominican Republic,20000,SS,BOS,,
2025,Nathanael Valerio,https://www.spotrac.com/mlb/player/_/id/96604,_id96604,Dominican Republic,15000,P,CHW,,
2025,Angel Gonzalez,https://www.spotrac.com/mlb/player/_/id/96770,_id96770,Dominican Republic,12500,P,CHC,,
2025,Roni Dias,https://www.spotrac.com/mlb/player/_/id/96779,_id96779,Dominican Republic,12500,P,CHC,829834,2006-10-17
2025,Alfred Garcia,https://www.spotrac.com/mlb/player/_/id/96782,_id96782,Dominican Republic,10000,OF,CHC,,
2025,Amilcar Teran,https://www.spotrac.com/mlb/player/_/id/96474,_id96474,Venezuela,10000,P,CLE,,
2025,Angel Abreu,https://www.spotrac.com/mlb/player/_/id/96472,_id96472,Venezuela,10000,SS,CLE,,
2025,Angel Lopez,https://www.spotrac.com/mlb/player/_/id/96673,_id96673,Dominican Republic,10000,P,BOS,,
2025,Ariel Ramos,https://www.spotrac.com/mlb/player/_/id/96697,_id96697,Dominican Republic,10000,P,CHC,829820,2006-05-24
2025,Daniel Gentile,https://www.spotrac.com/mlb/player/_/id/96470,_id96470,Venezuela,10000,P,CLE,,
2025,Enderson Amaya,https://www.spotrac.com/mlb/player/_/id/96467,_id96467,Venezuela,10000,P,CLE,830016,2007-03-29
2025,Frankelly Desis,https://www.spotrac.com/mlb/player/_/id/96699,_id96699,Dominican Republic,10000,P,CHC,,
2025,Javier Pedreanez,https://www.spotrac.com/mlb/player/_/id/96471,_id96471,Venezuela,10000,P,CLE,,
2025,Johander Rivero,https://www.spotrac.com/mlb/player/_/id/96473,_id96473,Venezuela,10000,P,CLE,,
2025,Johansel Javier,https://www.spotrac.com/mlb/player/_/id/96725,_id96725,Dominican Republic,10000,P,CHC,,
2025,Jose Carrillo,https://www.spotrac.com/mlb/player/_/id/96726,_id96726,Venezuela,10000,C,CHC,,
2025,Julio Rossi,https://www.spotrac.com/mlb/player/_/id/96286,_id96286,Dominican Republic,10000,P,CLE,,
2025,Leosmar Perez,https://www.spotrac.com/mlb/player/_/id/96753,_id96753,Venezuela,10000,P,BOS,,
2025,Luis Cuevas,https://www.spotrac.com/mlb/player/_/id/96766,_id96766,Dominican Republic,10000,SS,ATH,,
2025,Luis Dorante,https://www.spotrac.com/mlb/player/_/id/96468,_id96468,Venezuela,10000,P,CLE,,
2025,Marcelino Theodore,https://www.spotrac.com/mlb/player/_/id/96865,_id96865,Dominican Republic,10000,P,TOR,,
2025,Miguel Welch,https://www.spotrac.com/mlb/player/_/id/96661,_id96661,Dominican Republic,10000,SS,BOS,,
2025,Salvador Burgos,https://www.spotrac.com/mlb/player/_/id/96780,_id96780,Dominican Republic,10000,P,CHC,829817,2006-04-17
2025,Saul Ramirez,https://www.spotrac.com/mlb/player/_/id/96784,_id96784,Dominican Republic,10000,OF,CHC,829952,2006-01-07
2025,Yoshtner Farfan,https://www.spotrac.com/mlb/player/_/id/96469,_id96469,Venezuela,10000,P,CLE,,
2025,Aaron Castro,https://www.spotrac.com/mlb/player/_/id/96834,_id96834,Mexico,0,P,SD,,
2025,Aaron Salazar,https://www.spotrac.com/mlb/player/_/id/96354,_id96354,Venezuela,0,C,MIN,829755,2008-03-28
2025,Abel Pena,https://www.spotrac.com/mlb/player/_/id/96455,_id96455,Venezuela,0,C,CIN,829918,2008-01-24
2025,Abraham Gomez,https://www.spotrac.com/mlb/player/_/id/97329,_id97329,Dominican Republic,0,P,DET,,
2025,Abraham Sanchez,https://www.spotrac.com/mlb/player/_/id/96768,_id96768,Venezuela,0,C,CHC,829917,2007-09-27
2025,Abraham Utrera,https://www.spotrac.com/mlb/player/_/id/96586,_id96586,Venezuela,0,P,SF,,
2025,Adrian Ruiz,https://www.spotrac.com/mlb/player/_/id/96562,_id96562,Mexico,0,P,HOU,,
2025,Adrian Silva,https://www.spotrac.com/mlb/player/_/id/96361,_id96361,Venezuela,0,C,NYM,829792,2008-02-06
2025,Adrian Tusen,https://www.spotrac.com/mlb/player/_/id/96561,_id96561,Dominican Republic,0,SS,WSH,,
2025,Aiverson Blanco,https://www.spotrac.com/mlb/player/_/id/96364,_id96364,Venezuela,0,OF,NYM,,
2025,Alan Angulo,https://www.spotrac.com/mlb/player/_/id/96887,_id96887,Colombia,0,SS,KC,,
2025,Alan Carpinteiro,https://www.spotrac.com/mlb/player/_/id/96398,_id96398,Mexico,0,P,SEA,,
2025,Albert Medina,https://www.spotrac.com/mlb/player/_/id/96501,_id96501,Venezuela,0,OF,ARI,,
2025,Albert Medina,https://www.spotrac.com/mlb/player/_/id/96895,_id96895,Venezuela,0,P,PHI,,
2025,Alejandro Guerrero,https://www.spotrac.com/mlb/player/_/id/96885,_id96885,Dominican Republic,0,OF,KC,,
2025,Alejandro Rondon,https://www.spotrac.com/mlb/player/_/id/96551,_id96551,Venezuela,0,P,PIT,,
2025,Alexander Camacaro,https://www.spotrac.com/mlb/player/_/id/96589,_id96589,Venezuela,0,SS,SF,829850,2007-09-17
2025,Alexander Diaz,https://www.spotrac.com/mlb/player/_/id/96435,_id96435,Dominican Republic,0,P,BAL,822280,2008-01-14
2025,Alexander Herrera,https://www.spotrac.com/mlb/player/_/id/96781,_id96781,Venezuela,0,SS,CHC,,
2025,Amilkar Romero,https://www.spotrac.com/mlb/player/_/id/96785,_id96785,Colombia,0,P,CHC,829846,2007-10-24
2025,Anderson Alvarez,https://www.spotrac.com/mlb/player/_/id/96622,_id96622,Venezuela,0,P,TB,830011,2008-02-23
2025,Anderson Araujo,https://www.spotrac.com/mlb/player/_/id/96627,_id96627,Venezuela,0,C,PHI,,
2025,Anderson Areinamo,https://www.spotrac.com/mlb/player/_/id/96575,_id96575,Venezuela,0,P,HOU,,
2025,Andre Avila,https://www.spotrac.com/mlb/player/_/id/96944,_id96944,Venezuela,0,P,NYY,830403,2005-08-16
2025,Androu Etienne,https://www.spotrac.com/mlb/player/_/id/96952,_id96952,Dominican Republic,0,P,TOR,,
2025,Angel Castillo,https://www.spotrac.com/mlb/player/_/id/96690,_id96690,Dominican Republic,0,P,MIN,829781,2006-10-24
2025,Angel Garcia,https://www.spotrac.com/mlb/player/_/id/96886,_id96886,Dominican Republic,0,P,KC,,
2025,Angel Gomez,https://www.spotrac.com/mlb/player/_/id/96583,_id96583,Dominican Republic,0,P,TEX,683395,2001-06-17
2025,Angel Mejia,https://www.spotrac.com/mlb/player/_/id/96965,_id96965,Dominican Republic,0,C,SD,,
2025,Angel Roso,https://www.spotrac.com/mlb/player/_/id/96812,_id96812,Venezuela,0,OF,DET,829988,2008-02-13
2025,Angel Sanchez,https://www.spotrac.com/mlb/player/_/id/96524,_id96524,Venezuela,0,SS,ARI,,
2025,Angel Sanmartin,https://www.spotrac.com/mlb/player/_/id/96691,_id96691,Colombia,0,P,CHC,,
2025,Argenis Done,https://www.spotrac.com/mlb/player/_/id/96884,_id96884,Dominican Republic,0,P,KC,,
2025,Arturo Sevilla,https://www.spotrac.com/mlb/player/_/id/97419,_id97419,Mexico,0,P,NYM,830980,2007-11-15
2025,Ayverson Echenique,https://www.spotrac.com/mlb/player/_/id/96610,_id96610,Venezuela,0,P,TEX,,
2025,Bladimir Figueredo,https://www.spotrac.com/mlb/player/_/id/96409,_id96409,Venezuela,0,C,TB,,
2025,Brandy Ceballos,https://www.spotrac.com/mlb/player/_/id/96693,_id96693,Dominican Republic,0,P,MIN,829787,2007-06-09
2025,Bryan Lara,https://www.spotrac.com/mlb/player/_/id/96990,_id96990,Mexico,0,P,LAD,,
2025,Bryan Rodriguez,https://www.spotrac.com/mlb/player/_/id/96802,_id96802,Venezuela,0,C,COL,,
2025,Carlos Barrientos,https://www.spotrac.com/mlb/player/_/id/96771,_id96771,Venezuela,0,P,CHC,,
2025,Carlos Galindo,https://www.spotrac.com/mlb/player/_/id/96644,_id96644,Colombia,0,P,MIL,,
2025,Carlos Garcia,https://www.spotrac.com/mlb/player/_/id/96954,_id96954,Mexico,0,C,TOR,,
2025,Carlos Lorenzo,https://www.spotrac.com/mlb/player/_/id/96387,_id96387,Dominican Republic,0,P,PIT,831105,2006-08-25
2025,Carlos Martinez,https://www.spotrac.com/mlb/player/_/id/96813,_id96813,Venezuela,0,P,DET,,
2025,Carlos Ramirez,https://www.spotrac.com/mlb/player/_/id/96889,_id96889,Venezuela,0,P,LAD,570702,1991-04-24
2025,Carlos Salazar,https://www.spotrac.com/mlb/player/_/id/96621,_id96621,Venezuela,0,SS,TB,829859,2008-01-28
2025,Carlos Taveras,https://www.spotrac.com/mlb/player/_/id/96347,_id96347,Dominican Republic,0,OF,MIN,,
2025,Carlos Torres,https://www.spotrac.com/mlb/player/_/id/96412,_id96412,Venezuela,0,C,TEX,688876,2001-05-03
2025,Cesar Acosta,https://www.spotrac.com/mlb/player/_/id/97323,_id97323,Venezuela,0,C,NYM,830802,2008-07-29
2025,Cesar Cerezo,https://www.spotrac.com/mlb/player/_/id/96949,_id96949,Venezuela,0,P,TOR,830438,2008-05-29
2025,Cesar Farias,https://www.spotrac.com/mlb/player/_/id/96624,_id96624,Venezuela,0,P,SEA,,
2025,Cesar Maiz,https://www.spotrac.com/mlb/player/_/id/96452,_id96452,Venezuela,0,P,CIN,,
2025,Chaily Ramirez,https://www.spotrac.com/mlb/player/_/id/96688,_id96688,Dominican Republic,0,P,CHC,,
2025,Claudio Estelie,https://www.spotrac.com/mlb/player/_/id/96552,_id96552,Dominican Republic,0,P,PIT,,
2025,Cristian Bonifacio,https://www.spotrac.com/mlb/player/_/id/96532,_id96532,Dominican Republic,0,OF,MIN,829752,2008-02-23
2025,Cristian Montilla,https://www.spotrac.com/mlb/player/_/id/96632,_id96632,Venezuela,0,SS,MIL,,
2025,Cristopher Quiroz,https://www.spotrac.com/mlb/player/_/id/96422,_id96422,Dominican Republic,0,P,SEA,,
2025,Dalvi Nunez,https://www.spotrac.com/mlb/player/_/id/96966,_id96966,Dominican Republic,0,P,SD,,
2025,Daniel De La Valle,https://www.spotrac.com/mlb/player/_/id/96533,_id96533,Colombia,0,C,MIN,,
2025,Daniel Dominguez,https://www.spotrac.com/mlb/player/_/id/96951,_id96951,Venezuela,0,OF,TOR,830445,2008-01-22
2025,Daniel Garcia,https://www.spotrac.com/mlb/player/_/id/96642,_id96642,Venezuela,0,P,MIL,,
2025,Daniel Meza,https://www.spotrac.com/mlb/player/_/id/96808,_id96808,Venezuela,0,SS,COL,,
2025,Daniel Ramos,https://www.spotrac.com/mlb/player/_/id/96581,_id96581,Venezuela,0,P,TEX,650736,1995-03-06
2025,Daniel Rodriguez,https://www.spotrac.com/mlb/player/_/id/96413,_id96413,Venezuela,0,SS,TEX,496073,1984-12-11
2025,Daonil Montero,https://www.spotrac.com/mlb/player/_/id/96426,_id96426,Dominican Republic,0,SS,ARI,,
2025,Darling Perez,https://www.spotrac.com/mlb/player/_/id/96597,_id96597,Dominican Republic,0,P,NYM,,
2025,Darling Valencio,https://www.spotrac.com/mlb/player/_/id/96440,_id96440,Dominican Republic,0,P,BAL,829989,2008-04-24
2025,Darwin Almanzar,https://www.spotrac.com/mlb/player/_/id/96535,_id96535,Dominican Republic,0,SS,MIN,829714,2007-10-23
2025,Darwin Ramos,https://www.spotrac.com/mlb/player/_/id/96623,_id96623,Dominican Republic,0,P,SEA,642566,1995-11-23
2025,Dave Neely,https://www.spotrac.com/mlb/player/_/id/96594,_id96594,The Bahamas,0,SS,TEX,,
2025,David Hernandez,https://www.spotrac.com/mlb/player/_/id/96824,_id96824,Mexico,0,P,PHI,830395,2005-08-31
2025,David Hernandez,https://www.spotrac.com/mlb/player/_/id/96955,_id96955,Dominican Republic,0,P,TOR,830395,2005-08-31
2025,Dayerson Cova,https://www.spotrac.com/mlb/player/_/id/96563,_id96563,Venezuela,0,P,HOU,,
2025,Degerson Diaz,https://www.spotrac.com/mlb/player/_/id/96856,_id96856,Venezuela,0,OF,LAD,,
2025,Deinis Chourio,https://www.spotrac.com/mlb/player/_/id/96449,_id96449,Venezuela,0,SS,CIN,829893,2008-07-02
2025,Deiry Gonzalez,https://www.spotrac.com/mlb/player/_/id/96517,_id96517,Dominican Republic,0,P,PHI,,
2025,Denis Samudio,https://www.spotrac.com/mlb/player/_/id/96875,_id96875,Panama,0,P,KC,,
2025,Derick Aquino,https://www.spotrac.com/mlb/player/_/id/96851,_id96851,Dominican Republic,0,P,LAD,,
2025,Devlyn Bautista,https://www.spotrac.com/mlb/player/_/id/96852,_id96852,Dominican Republic,0,OF,LAD,,
2025,Diago Machado,https://www.spotrac.com/mlb/player/_/id/96866,_id96866,Mexico,0,OF,SEA,828331,2005-03-10
2025,Diego Alambarrio,https://www.spotrac.com/mlb/player/_/id/96591,_id96591,Venezuela,0,C,SF,829864,2008-03-12
2025,Diego Arce,https://www.spotrac.com/mlb/player/_/id/96947,_id96947,Mexico,0,C,TOR,,
2025,Diego Areinamo,https://www.spotrac.com/mlb/player/_/id/96872,_id96872,Venezuela,0,P,ATL,830476,2008-03-07
2025,Diego Godoy,https://www.spotrac.com/mlb/player/_/id/96331,_id96331,Venezuela,0,P,MIA,829806,2004-11-29
2025,Diego Marquez,https://www.spotrac.com/mlb/player/_/id/96826,_id96826,Venezuela,0,P,PHI,829085,2006-06-10
2025,Diego Martinez,https://www.spotrac.com/mlb/player/_/id/96327,_id96327,Venezuela,0,C,MIA,829735,2007-12-29
2025,Diego Munoz,https://www.spotrac.com/mlb/player/_/id/96454,_id96454,Dominican Republic,0,OF,CIN,,
2025,Diego Natera,https://www.spotrac.com/mlb/player/_/id/96614,_id96614,Venezuela,0,C,CHW,829950,2007-10-17
2025,Diego Rondon,https://www.spotrac.com/mlb/player/_/id/96655,_id96655,Venezuela,0,C,LAA,,
2025,Diustin Mayorquin,https://www.spotrac.com/mlb/player/_/id/96630,_id96630,Nicaragua,0,P,MIL,,
2025,Domingo Morla,https://www.spotrac.com/mlb/player/_/id/96700,_id96700,Dominican Republic,0,3B,PHI,827419,2008-01-25
2025,Ebduar Loina,https://www.spotrac.com/mlb/player/_/id/96582,_id96582,Panama,0,P,SF,,
2025,Edelson Canelon,https://www.spotrac.com/mlb/player/_/id/96328,_id96328,Venezuela,0,P,MIA,829718,2007-10-28
2025,Edgar Walker,https://www.spotrac.com/mlb/player/_/id/96548,_id96548,Dominican Republic,0,OF,PIT,825725,2007-10-18
2025,Elerick Gomez,https://www.spotrac.com/mlb/player/_/id/96264,_id96264,Venezuela,0,SS,CHC,829886,2007-09-11
2025,Eli Urena,https://www.spotrac.com/mlb/player/_/id/96530,_id96530,Dominican Republic,0,P,MIN,829685,2006-04-27
2025,Elian Reyes,https://www.spotrac.com/mlb/player/_/id/96960,_id96960,Dominica,0,OF,TOR,830442,2008-07-30
2025,Elias Reyno,https://www.spotrac.com/mlb/player/_/id/96495,_id96495,Dominican Republic,0,OF,ATL,,
2025,Eliezer Adames,https://www.spotrac.com/mlb/player/_/id/96935,_id96935,Dominican Republic,0,OF,NYY,830414,2007-09-16
2025,Eliezer Lucena,https://www.spotrac.com/mlb/player/_/id/96529,_id96529,Venezuela,0,P,MIN,829732,2007-12-17
2025,Eliomar Garces,https://www.spotrac.com/mlb/player/_/id/96404,_id96404,Venezuela,0,SS,TB,829055,2007-11-09
2025,Emanuel Martinez,https://www.spotrac.com/mlb/player/_/id/96881,_id96881,Mexico,0,C,KC,,
2025,Emilio Gonzalez,https://www.spotrac.com/mlb/player/_/id/96578,_id96578,Venezuela,0,C,HOU,,
2025,Emilio Payro,https://www.spotrac.com/mlb/player/_/id/96565,_id96565,Mexico,0,P,HOU,,
2025,Enmanuel Figuereo,https://www.spotrac.com/mlb/player/_/id/96585,_id96585,Dominican Republic,0,P,TEX,,
2025,Enmanuel Pena,https://www.spotrac.com/mlb/player/_/id/96432,_id96432,Dominican Republic,0,P,BAL,,
2025,Enny Rodriguez,https://www.spotrac.com/mlb/player/_/id/96815,_id96815,Venezuela,0,SS,DET,830017,2008-02-25
2025,Enrique Velasquez,https://www.spotrac.com/mlb/player/_/id/96640,_id96640,Venezuela,0,P,MIL,,
2025,Enyel Lopez,https://www.spotrac.com/mlb/player/_/id/96603,_id96603,Dominican Republic,0,P,TEX,,
2025,Eric Mota,https://www.spotrac.com/mlb/player/_/id/96305,_id96305,Dominican Republic,0,SS,HOU,,
2025,Erick Hernandez,https://www.spotrac.com/mlb/player/_/id/96786,_id96786,Venezuela,0,P,CHC,,
2025,Esteban Castro,https://www.spotrac.com/mlb/player/_/id/96579,_id96579,Colombia,0,C,HOU,,
2025,Eydan Fermin,https://www.spotrac.com/mlb/player/_/id/96553,_id96553,Dominican Republic,0,P,PIT,,
2025,Ezequiel Aparicio,https://www.spotrac.com/mlb/player/_/id/96859,_id96859,Venezuela,0,C,LAD,,
2025,Ezequiel Martinez,https://www.spotrac.com/mlb/player/_/id/96408,_id96408,Dominican Republic,0,P,TB,,
2025,Fabelin Volquez,https://www.spotrac.com/mlb/player/_/id/96415,_id96415,Dominican Republic,0,SS,TEX,,
2025,Fabian Cordero,https://www.spotrac.com/mlb/player/_/id/96430,_id96430,Venezuela,0,OF,BAL,830021,2008-03-06
2025,Fabian Dorta,https://www.spotrac.com/mlb/player/_/id/96810,_id96810,Venezuela,0,C,DET,,
2025,Felix Tapia,https://www.spotrac.com/mlb/player/_/id/96652,_id96652,Dominican Republic,0,P,LAA,829885,2007-10-25
2025,Fernando Figuera,https://www.spotrac.com/mlb/player/_/id/96554,_id96554,Venezuela,0,P,PIT,,
2025,Fernando Lara,https://www.spotrac.com/mlb/player/_/id/96772,_id96772,Venezuela,0,OF,CHC,829811,2008-01-11
2025,Filippo Sabatini,https://www.spotrac.com/mlb/player/_/id/96425,_id96425,Italy,0,P,PHI,,
2025,Francis Sosa,https://www.spotrac.com/mlb/player/_/id/96648,_id96648,Dominican Republic,0,OF,MIL,,
2025,Frandy Guillen,https://www.spotrac.com/mlb/player/_/id/96252,_id96252,Dominican Republic,0,3B,BAL,,
2025,Fredderick Ovalle,https://www.spotrac.com/mlb/player/_/id/96545,_id96545,Dominican Republic,0,2B,PIT,,
2025,Freddy Ramos,https://www.spotrac.com/mlb/player/_/id/96577,_id96577,Venezuela,0,OF,HOU,,
2025,Frederik Dolsi,https://www.spotrac.com/mlb/player/_/id/96596,_id96596,Dominican Republic,0,P,TEX,,
2025,Freiker Betencourt,https://www.spotrac.com/mlb/player/_/id/96773,_id96773,Venezuela,0,OF,CHC,829870,2008-07-22
2025,Gabriel Azocar,https://www.spotrac.com/mlb/player/_/id/96821,_id96821,Venezuela,0,C,PHI,827411,2007-11-11
2025,Gabriel Flores,https://www.spotrac.com/mlb/player/_/id/96820,_id96820,Venezuela,0,C,PHI,827412,2008-03-03
2025,Georwill Rodriguez,https://www.spotrac.com/mlb/player/_/id/97377,_id97377,Venezuela,0,INF,NYM,830979,2008-03-11
2025,Geovanny Sanchez,https://www.spotrac.com/mlb/player/_/id/96359,_id96359,Dominican Republic,0,P,NYM,,
2025,Giomar Ubiera,https://www.spotrac.com/mlb/player/_/id/96358,_id96358,Dominican Republic,0,SS,NYM,,
2025,Gleiderson Mendoza,https://www.spotrac.com/mlb/player/_/id/96804,_id96804,Dominican Republic,0,P,COL,830022,2008-04-01
2025,Hamlet Santos,https://www.spotrac.com/mlb/player/_/id/96549,_id96549,Dominican Republic,0,P,PIT,822287,2008-02-25
2025,Hanley Ramirez,https://www.spotrac.com/mlb/player/_/id/96832,_id96832,Dominican Republic,0,OF,PIT,,
2025,Hector Moreno,https://www.spotrac.com/mlb/player/_/id/96942,_id96942,Dominican Republic,0,P,NYY,825396,2007-12-26
2025,Henry Alcantara,https://www.spotrac.com/mlb/player/_/id/96626,_id96626,Venezuela,0,P,SEA,,
2025,Hernan Mejia,https://www.spotrac.com/mlb/player/_/id/96569,_id96569,Venezuela,0,P,WSH,829695,2007-09-07
2025,Howard Reyes,https://www.spotrac.com/mlb/player/_/id/96811,_id96811,Venezuela,0,C,DET,830042,2007-11-09
2025,Hyun-Seung Lee,https://www.spotrac.com/mlb/player/_/id/96385,_id96385,"Korea, South",0,SS,PIT,,
2025,Igor Escobar,https://www.spotrac.com/mlb/player/_/id/96616,_id96616,Venezuela,0,SS,CHW,829983,2008-08-08
2025,Ire Garcia,https://www.spotrac.com/mlb/player/_/id/96580,_id96580,Venezuela,0,C,HOU,829809,2007-10-08
2025,Ire Martinez,https://www.spotrac.com/mlb/player/_/id/96957,_id96957,Venezuela,0,P,TOR,,
2025,Irvin Machuca,https://www.spotrac.com/mlb/player/_/id/96794,_id96794,Mexico,0,P,CIN,685829,2000-05-01
2025,Isaac Prince,https://www.spotrac.com/mlb/player/_/id/96679,_id96679,Dominican Republic,0,P,MIA,829708,2007-09-20
2025,Isaac Vegas,https://www.spotrac.com/mlb/player/_/id/96613,_id96613,Venezuela,0,P,TB,,
2025,Ismael Mejia,https://www.spotrac.com/mlb/player/_/id/96520,_id96520,Venezuela,0,C,ARI,,
2025,Ismael Obregon,https://www.spotrac.com/mlb/player/_/id/96566,_id96566,Mexico,0,P,HOU,,
2025,Ismanuel Pina,https://www.spotrac.com/mlb/player/_/id/96620,_id96620,Dominican Republic,0,P,SEA,,
2025,Ivan Pacheco,https://www.spotrac.com/mlb/player/_/id/97182,_id97182,Mexico,0,P,LAD,,
2025,Ivan Torres,https://www.spotrac.com/mlb/player/_/id/96407,_id96407,Venezuela,0,C,TB,829977,2008-01-23
2025,Jacksel Labastida,https://www.spotrac.com/mlb/player/_/id/96873,_id96873,Venezuela,0,P,ATL,830448,2008-06-06
2025,Jamesson Val,https://www.spotrac.com/mlb/player/_/id/96531,_id96531,Haiti,0,3B,MIN,829688,2005-12-13
2025,Javier Rodriguez,https://www.spotrac.com/mlb/player/_/id/96654,_id96654,Venezuela,0,P,LAA,625068,1995-05-01
2025,Javier Rojas,https://www.spotrac.com/mlb/player/_/id/96878,_id96878,Venezuela,0,P,KC,,
2025,Jaylyn Pinder,https://www.spotrac.com/mlb/player/_/id/96417,_id96417,The Bahamas,0,OF,TEX,,
2025,Jefer Lista,https://www.spotrac.com/mlb/player/_/id/96637,_id96637,Venezuela,0,OF,MIL,,
2025,Jelfrank Silva,https://www.spotrac.com/mlb/player/_/id/96617,_id96617,Venezuela,0,SS,CHW,,
2025,Jensey Duran,https://www.spotrac.com/mlb/player/_/id/96527,_id96527,Dominican Republic,0,P,TB,,
2025,Jensi Infante,https://www.spotrac.com/mlb/player/_/id/96695,_id96695,Dominican Republic,0,P,MIN,829796,2006-09-30
2025,Jeremiah Jones,https://www.spotrac.com/mlb/player/_/id/96584,_id96584,Saint Martin,0,P,SF,,
2025,Jeremias Aponte,https://www.spotrac.com/mlb/player/_/id/96608,_id96608,Venezuela,0,OF,CHW,830043,2007-11-30
2025,Jeshua Mendez,https://www.spotrac.com/mlb/player/_/id/96521,_id96521,Dominican Republic,0,C,ARI,,
2025,Jesus Carrasco,https://www.spotrac.com/mlb/player/_/id/96567,_id96567,Venezuela,0,P,WSH,829690,2006-06-06
2025,Jesus Cova,https://www.spotrac.com/mlb/player/_/id/96874,_id96874,Venezuela,0,P,ATL,830436,2007-10-09
2025,Jesus Ortega,https://www.spotrac.com/mlb/player/_/id/96880,_id96880,Venezuela,0,SS,KC,692837,2001-01-18
2025,Jesus Perez,https://www.spotrac.com/mlb/player/_/id/96332,_id96332,Venezuela,0,OF,MIA,829895,2008-03-12
2025,Jesus Perez,https://www.spotrac.com/mlb/player/_/id/96543,_id96543,Venezuela,0,SS,STL,829895,2008-03-12
2025,Jesus Sosa,https://www.spotrac.com/mlb/player/_/id/96570,_id96570,Venezuela,0,P,HOU,,
2025,Jeuris Guzman,https://www.spotrac.com/mlb/player/_/id/96968,_id96968,Dominica,0,P,SD,,
2025,Jhoan Espinoza,https://www.spotrac.com/mlb/player/_/id/96805,_id96805,Venezuela,0,P,COL,,
2025,Jhon Gil,https://www.spotrac.com/mlb/player/_/id/96858,_id96858,Venezuela,0,C,LAD,,
2025,Jhon Lucena,https://www.spotrac.com/mlb/player/_/id/96775,_id96775,Venezuela,0,OF,CHC,,
2025,Jhonael Cuello,https://www.spotrac.com/mlb/player/_/id/96357,_id96357,Dominican Republic,0,OF,NYM,,
2025,Jhondel Salas,https://www.spotrac.com/mlb/player/_/id/96573,_id96573,Venezuela,0,P,WSH,829722,2007-11-13
2025,Jhosneyker Colina,https://www.spotrac.com/mlb/player/_/id/96939,_id96939,Venezuela,0,P,NYY,830466,2008-03-27
2025,Jhostin Genao,https://www.spotrac.com/mlb/player/_/id/96416,_id96416,Dominican Republic,0,OF,TEX,,
2025,Jider Corpas,https://www.spotrac.com/mlb/player/_/id/96787,_id96787,Colombia,0,P,CHC,829926,2007-11-21
2025,Joan Pena,https://www.spotrac.com/mlb/player/_/id/96646,_id96646,Dominican Republic,0,P,MIL,,
2025,Johan Calcano,https://www.spotrac.com/mlb/player/_/id/96526,_id96526,Dominican Republic,0,P,ARI,,
2025,Johan Rodriguez,https://www.spotrac.com/mlb/player/_/id/96870,_id96870,Venezuela,0,C,ATL,,
2025,Johanderson Tarazona,https://www.spotrac.com/mlb/player/_/id/96633,_id96633,Venezuela,0,C,MIL,,
2025,Jord Diaz,https://www.spotrac.com/mlb/player/_/id/96588,_id96588,Colombia,0,3B,TEX,,
2025,Jorge Drullard,https://www.spotrac.com/mlb/player/_/id/96429,_id96429,Dominican Republic,0,SS,BAL,,
2025,Jose De La Cruz,https://www.spotrac.com/mlb/player/_/id/96574,_id96574,Dominican Republic,0,P,HOU,,
2025,Jose Flores,https://www.spotrac.com/mlb/player/_/id/96250,_id96250,Venezuela,0,C,BAL,703118,2003-12-30
2025,Jose Gonzalez,https://www.spotrac.com/mlb/player/_/id/96423,_id96423,Colombia,0,P,SF,,
2025,Jose Martinez,https://www.spotrac.com/mlb/player/_/id/96453,_id96453,Venezuela,0,OF,CIN,,
2025,Jose Mendoza,https://www.spotrac.com/mlb/player/_/id/96611,_id96611,Venezuela,0,C,CHW,,
2025,Jose Montilla,https://www.spotrac.com/mlb/player/_/id/96882,_id96882,Venezuela,0,C,KC,673387,1998-06-04
2025,Jose Padilla,https://www.spotrac.com/mlb/player/_/id/96362,_id96362,Venezuela,0,SS,NYM,829797,2008-06-24
2025,Jose Pena,https://www.spotrac.com/mlb/player/_/id/96245,_id96245,Dominican Republic,0,SS,BAL,,
2025,Jose Pitre,https://www.spotrac.com/mlb/player/_/id/96236,_id96236,Venezuela,0,OF,ARI,,
2025,Jose Sequera,https://www.spotrac.com/mlb/player/_/id/96550,_id96550,Venezuela,0,P,PIT,800275,2004-11-24
2025,Jose Serracin,https://www.spotrac.com/mlb/player/_/id/96601,_id96601,Panama,0,C,NYM,,
2025,Jose Verdugo,https://www.spotrac.com/mlb/player/_/id/96833,_id96833,Mexico,0,SS,SD,,
2025,Jose Vielma,https://www.spotrac.com/mlb/player/_/id/96366,_id96366,Venezuela,0,P,NYM,,
2025,Jose Villegas,https://www.spotrac.com/mlb/player/_/id/96857,_id96857,Venezuela,0,P,LAD,,
2025,Joseph Deng,https://www.spotrac.com/mlb/player/_/id/96853,_id96853,South Sudan,0,P,LAD,,
2025,Juan Caricipe,https://www.spotrac.com/mlb/player/_/id/96448,_id96448,Venezuela,0,SS,CIN,,
2025,Juan Carlos Garcia,https://www.spotrac.com/mlb/player/_/id/96539,_id96539,Mexico,0,P,STL,,
2025,Juan Elejandro,https://www.spotrac.com/mlb/player/_/id/96506,_id96506,Dominican Republic,0,SS,ATL,,
2025,Juan Figaro,https://www.spotrac.com/mlb/player/_/id/96692,_id96692,Dominican Republic,0,P,MIN,825642,2006-10-13
2025,Juan Fraide,https://www.spotrac.com/mlb/player/_/id/96302,_id96302,Mexico,0,P,HOU,,
2025,Juan Jordan,https://www.spotrac.com/mlb/player/_/id/96653,_id96653,Venezuela,0,P,LAA,829858,2007-09-07
2025,Juan Macero,https://www.spotrac.com/mlb/player/_/id/96892,_id96892,Venezuela,0,SS,LAD,,
2025,Juan Parra,https://www.spotrac.com/mlb/player/_/id/96894,_id96894,Venezuela,0,P,PHI,829370,2008-03-12
2025,Juan Quinones,https://www.spotrac.com/mlb/player/_/id/96687,_id96687,Venezuela,0,P,MIN,829778,2007-10-15
2025,Juan Torres,https://www.spotrac.com/mlb/player/_/id/96934,_id96934,Dominican Republic,0,2B,NYY,825153,2007-09-27
2025,Junior Castillo,https://www.spotrac.com/mlb/player/_/id/96557,_id96557,Dominican Republic,0,C,WSH,700708,2003-01-28
2025,Justino Francisco,https://www.spotrac.com/mlb/player/_/id/96555,_id96555,Dominican Republic,0,P,PIT,,
2025,Kaden Hernandez,https://www.spotrac.com/mlb/player/_/id/96839,_id96839,Aruba,0,SS,SD,,
2025,Keegan Pieternella,https://www.spotrac.com/mlb/player/_/id/96933,_id96933,Netherlands,0,C,TOR,830416,2007-09-09
2025,Keisther Castillo,https://www.spotrac.com/mlb/player/_/id/96888,_id96888,Dominican Republic,0,P,KC,,
2025,Keivan Vasquez,https://www.spotrac.com/mlb/player/_/id/96504,_id96504,Dominican Republic,0,P,ARI,,
2025,Kelvin Zapata,https://www.spotrac.com/mlb/player/_/id/96433,_id96433,Dominican Republic,0,P,BAL,,
2025,Kendry Chourio,https://www.spotrac.com/mlb/player/_/id/96310,_id96310,Venezuela,0,P,KC,,
2025,Kenyer Penaloza,https://www.spotrac.com/mlb/player/_/id/96877,_id96877,Venezuela,0,P,KC,,
2025,Kevin Centeno,https://www.spotrac.com/mlb/player/_/id/96943,_id96943,Venezuela,0,P,NYY,830400,2006-02-08
2025,Kevin Martinez,https://www.spotrac.com/mlb/player/_/id/96295,_id96295,Dominican Republic,0,P,COL,,
2025,Keyner Cedeno,https://www.spotrac.com/mlb/player/_/id/96335,_id96335,Venezuela,0,P,MIA,829780,2007-09-13
2025,Kleber Gamez,https://www.spotrac.com/mlb/player/_/id/96365,_id96365,Venezuela,0,P,NYM,,
2025,Laurens Sosa,https://www.spotrac.com/mlb/player/_/id/96438,_id96438,Dominican Republic,0,P,BAL,827493,2007-11-15
2025,Leni Done,https://www.spotrac.com/mlb/player/_/id/96938,_id96938,Dominican Republic,0,3B,NYY,830454,2007-06-05
2025,Leonard Rijo,https://www.spotrac.com/mlb/player/_/id/96647,_id96647,Dominican Republic,0,SS,MIL,,
2025,Leudy Reyes,https://www.spotrac.com/mlb/player/_/id/96556,_id96556,Dominican Republic,0,P,PIT,829707,2007-09-11
2025,Lionel Prevosti,https://www.spotrac.com/mlb/player/_/id/96509,_id96509,Dominican Republic,0,P,ATL,829684,2007-03-30
2025,Lisandro Sanchez,https://www.spotrac.com/mlb/player/_/id/96251,_id96251,Dominican Republic,0,OF,BAL,,
2025,Luis Aguayo,https://www.spotrac.com/mlb/player/_/id/96345,_id96345,Mexico,0,P,MIL,827653,2007-11-20
2025,Luis Arana,https://www.spotrac.com/mlb/player/_/id/96334,_id96334,Venezuela,0,OF,MIA,829854,2008-03-19
2025,Luis Centeno,https://www.spotrac.com/mlb/player/_/id/96806,_id96806,Venezuela,0,P,COL,,
2025,Luis Cruz,https://www.spotrac.com/mlb/player/_/id/96544,_id96544,Dominican Republic,0,SS,PIT,825411,2008-06-09
2025,Luis Felipe,https://www.spotrac.com/mlb/player/_/id/96953,_id96953,Dominican Republic,0,OF,TOR,830401,2006-11-27
2025,Luis German,https://www.spotrac.com/mlb/player/_/id/96312,_id96312,Dominican Republic,0,OF,KC,702445,2001-10-14
2025,Luis Hernandez,https://www.spotrac.com/mlb/player/_/id/96823,_id96823,Venezuela,0,C,PHI,,
2025,Luis Leon,https://www.spotrac.com/mlb/player/_/id/96776,_id96776,Venezuela,0,OF,CHC,,
2025,Luis Maldonado,https://www.spotrac.com/mlb/player/_/id/96777,_id96777,Venezuela,0,SS,CHC,,
2025,Luis Rodriguez,https://www.spotrac.com/mlb/player/_/id/96945,_id96945,Venezuela,0,P,NYY,,
2025,Luis Sanchez,https://www.spotrac.com/mlb/player/_/id/96783,_id96783,Venezuela,0,OF,CHC,,
2025,Luis Velasquez,https://www.spotrac.com/mlb/player/_/id/96636,_id96636,Venezuela,0,P,MIL,686433,2001-07-01
2025,Luisberth Valdez,https://www.spotrac.com/mlb/player/_/id/96767,_id96767,Venezuela,0,P,ATL,,
2025,Maickol Reyes,https://www.spotrac.com/mlb/player/_/id/96694,_id96694,Dominican Republic,0,P,PIT,825466,2008-04-25
2025,Maicol Lauriano,https://www.spotrac.com/mlb/player/_/id/96896,_id96896,Dominican Republic,0,P,PHI,,
2025,Malvin Baez,https://www.spotrac.com/mlb/player/_/id/96503,_id96503,Dominican Republic,0,P,ARI,,
2025,Malvin Fernandez,https://www.spotrac.com/mlb/player/_/id/96505,_id96505,Dominican Republic,0,SS,ATL,,
2025,Manuel Almeida,https://www.spotrac.com/mlb/player/_/id/96619,_id96619,Venezuela,0,C,SEA,,
2025,Manuel Campos,https://www.spotrac.com/mlb/player/_/id/96244,_id96244,Venezuela,0,SS,ATL,515048,1990-01-12
2025,Manuel Castro,https://www.spotrac.com/mlb/player/_/id/96634,_id96634,Venezuela,0,SS,MIL,701195,2002-05-11
2025,Manuel Cruz,https://www.spotrac.com/mlb/player/_/id/96946,_id96946,Dominican Republic,0,P,NYY,825268,2006-02-18
2025,Manuel Ruiz,https://www.spotrac.com/mlb/player/_/id/96571,_id96571,Venezuela,0,P,WSH,829687,2006-03-24
2025,Manuel Vasquez,https://www.spotrac.com/mlb/player/_/id/96442,_id96442,Venezuela,0,P,BAL,829992,2008-03-21
2025,Marcos Belen,https://www.spotrac.com/mlb/player/_/id/96800,_id96800,Cuba,0,OF,CLE,829908,2006-11-09
2025,Matthew Moses,https://www.spotrac.com/mlb/player/_/id/96631,_id96631,Venezuela,0,SS,MIL,,
2025,Maykel Bareo,https://www.spotrac.com/mlb/player/_/id/96247,_id96247,Cuba,0,SS,BAL,,
2025,Maykol Fernandez,https://www.spotrac.com/mlb/player/_/id/96703,_id96703,Venezuela,0,SS,PHI,827416,2007-12-14
2025,Merwin Manrique,https://www.spotrac.com/mlb/player/_/id/96641,_id96641,Venezuela,0,P,MIL,,
2025,Michael Cordero,https://www.spotrac.com/mlb/player/_/id/96403,_id96403,Dominican Republic,0,3B,STL,,
2025,Miguel Caraballo,https://www.spotrac.com/mlb/player/_/id/96592,_id96592,Venezuela,0,C,SF,829813,2008-08-26
2025,Miguel Liendo,https://www.spotrac.com/mlb/player/_/id/96656,_id96656,Dominican Republic,0,P,LAA,829832,2007-12-05
2025,Miguel Molina,https://www.spotrac.com/mlb/player/_/id/97327,_id97327,Venezuela,0,P,DET,,
2025,Miguel Pantoja,https://www.spotrac.com/mlb/player/_/id/96958,_id96958,Mexico,0,P,TOR,830726,2008-01-14
2025,Miguel Valdez,https://www.spotrac.com/mlb/player/_/id/96525,_id96525,Dominican Republic,0,P,ARI,808895,2003-08-01
2025,Moises Acacio,https://www.spotrac.com/mlb/player/_/id/96890,_id96890,Venezuela,0,SS,LAD,,
2025,Moises Marchan,https://www.spotrac.com/mlb/player/_/id/96309,_id96309,Venezuela,0,C,KC,,
2025,Moises Rangel,https://www.spotrac.com/mlb/player/_/id/96891,_id96891,Venezuela,0,C,LAD,,
2025,Nelson Prieto,https://www.spotrac.com/mlb/player/_/id/96516,_id96516,Venezuela,0,C,PHI,,
2025,Nicolas Barrios,https://www.spotrac.com/mlb/player/_/id/96342,_id96342,Venezuela,0,SS,MIL,,
2025,Nicolas Vergara,https://www.spotrac.com/mlb/player/_/id/96962,_id96962,Panama,0,OF,TOR,830474,2007-12-04
2025,Olmedo Barria,https://www.spotrac.com/mlb/player/_/id/96599,_id96599,Panama,0,P,NYM,,
2025,Orlando Marcelin,https://www.spotrac.com/mlb/player/_/id/96956,_id96956,Dominican Republic,0,P,TOR,,
2025,Orlando Patino,https://www.spotrac.com/mlb/player/_/id/96268,_id96268,Venezuela,0,OF,CHW,,
2025,Oscar Ramirez,https://www.spotrac.com/mlb/player/_/id/96456,_id96456,Dominican Republic,0,P,CIN,,
2025,Pablo Castillo,https://www.spotrac.com/mlb/player/_/id/96534,_id96534,Venezuela,0,C,MIN,825181,2008-04-30
2025,Pablo Martinez,https://www.spotrac.com/mlb/player/_/id/96306,_id96306,Dominican Republic,0,SS,HOU,,
2025,Pablo Medina,https://www.spotrac.com/mlb/player/_/id/96600,_id96600,Dominican Republic,0,P,NYM,,
2025,Pedro Montero,https://www.spotrac.com/mlb/player/_/id/96680,_id96680,Dominican Republic,0,P,MIA,829691,2007-07-11
2025,Raduan Perez,https://www.spotrac.com/mlb/player/_/id/96959,_id96959,Venezuela,0,P,TOR,830409,2008-08-26
2025,Rafael Merchan,https://www.spotrac.com/mlb/player/_/id/96778,_id96778,Venezuela,0,P,CHC,,
2025,Rafael Oropeza,https://www.spotrac.com/mlb/player/_/id/96379,_id96379,Venezuela,0,SS,PHI,,
2025,Rainer Espinoza,https://www.spotrac.com/mlb/player/_/id/96593,_id96593,Venezuela,0,OF,SF,829914,2008-08-18
2025,Rainer Marin,https://www.spotrac.com/mlb/player/_/id/96528,_id96528,Venezuela,0,P,MIN,829682,2005-07-15
2025,Ramces Camargo,https://www.spotrac.com/mlb/player/_/id/96447,_id96447,Colombia,0,P,CIN,829880,2007-01-25
2025,Ramon Marquez,https://www.spotrac.com/mlb/player/_/id/96829,_id96829,Mexico,0,P,PHI,827408,2005-09-19
2025,Ranciel Abreu,https://www.spotrac.com/mlb/player/_/id/96372,_id96372,Dominican Republic,0,P,NYY,,
2025,Randal Munoz,https://www.spotrac.com/mlb/player/_/id/96625,_id96625,Dominican Republic,0,P,SEA,830036,2008-03-14
2025,Randy Angomas,https://www.spotrac.com/mlb/player/_/id/96940,_id96940,Dominican Republic,0,P,NYY,,
2025,Raul Pereira,https://www.spotrac.com/mlb/player/_/id/96418,_id96418,Venezuela,0,SS,TEX,,
2025,Rauli Ortiz,https://www.spotrac.com/mlb/player/_/id/96674,_id96674,,0,OF,BOS,,
2025,Raymond Sarmiento,https://www.spotrac.com/mlb/player/_/id/96638,_id96638,Venezuela,0,P,MIL,,
2025,Rayner Herrera,https://www.spotrac.com/mlb/player/_/id/96428,_id96428,Dominican Republic,0,OF,BAL,,
2025,Renyel Campos,https://www.spotrac.com/mlb/player/_/id/96948,_id96948,Colombia,0,C,TOR,830412,2007-06-08
2025,Rey Reyes,https://www.spotrac.com/mlb/player/_/id/96457,_id96457,Venezuela,0,OF,CIN,829857,2008-01-07
2025,Reynell Ramos,https://www.spotrac.com/mlb/player/_/id/96879,_id96879,Venezuela,0,P,KC,,
2025,Reyner Zambrano,https://www.spotrac.com/mlb/player/_/id/96519,_id96519,Venezuela,0,P,PHI,,
2025,Ricardo Chirinos,https://www.spotrac.com/mlb/player/_/id/96434,_id96434,Venezuela,0,C,BAL,829996,2008-02-07
2025,Richer Mata,https://www.spotrac.com/mlb/player/_/id/96883,_id96883,Venezuela,0,C,KC,,
2025,Rodrigo Gonzalez,https://www.spotrac.com/mlb/player/_/id/96502,_id96502,Venezuela,0,SS,ARI,,
2025,Roiner Cespede,https://www.spotrac.com/mlb/player/_/id/96830,_id96830,Venezuela,0,SS,PHI,827415,2007-10-23
2025,Romano Donato,https://www.spotrac.com/mlb/player/_/id/96635,_id96635,Venezuela,0,SS,MIL,,
2025,Romeli Espinosa,https://www.spotrac.com/mlb/player/_/id/96514,_id96514,Dominican Republic,0,SS,PHI,,
2025,Ronald De Los Santos,https://www.spotrac.com/mlb/player/_/id/96572,_id96572,Dominican Republic,0,P,HOU,,
2025,Roni Garcia,https://www.spotrac.com/mlb/player/_/id/96360,_id96360,Dominican Republic,0,SS,NYM,,
2025,Roniel Paulino,https://www.spotrac.com/mlb/player/_/id/96645,_id96645,Dominican Republic,0,C,MIL,,
2025,Rosnel Alacron,https://www.spotrac.com/mlb/player/_/id/96595,_id96595,Venezuela,0,OF,TEX,,
2025,Roy Rivero,https://www.spotrac.com/mlb/player/_/id/96876,_id96876,Venezuela,0,SS,KC,,
2025,Ruben Tiamo,https://www.spotrac.com/mlb/player/_/id/96598,_id96598,Venezuela,0,OF,TEX,,
2025,Saivel Zayes,https://www.spotrac.com/mlb/player/_/id/96414,_id96414,Dominican Republic,0,OF,TEX,,
2025,Samuel Salcedo,https://www.spotrac.com/mlb/player/_/id/96629,_id96629,Venezuela,0,SS,PHI,827422,2007-12-19
2025,Samuel Teran,https://www.spotrac.com/mlb/player/_/id/96439,_id96439,Venezuela,0,P,BAL,830018,2008-08-24
2025,Sandor Feliciano,https://www.spotrac.com/mlb/player/_/id/96451,_id96451,Dominican Republic,0,SS,CIN,,
2025,Sandy Presbot,https://www.spotrac.com/mlb/player/_/id/96678,_id96678,Dominican Republic,0,SS,MIA,829715,2007-10-20
2025,Santiago Almao,https://www.spotrac.com/mlb/player/_/id/96602,_id96602,Venezuela,0,SS,TEX,,
2025,Santiago Castellanos,https://www.spotrac.com/mlb/player/_/id/96350,_id96350,Venezuela,0,P,MIN,829764,2008-07-17
2025,Santiago Figueroa,https://www.spotrac.com/mlb/player/_/id/96615,_id96615,Venezuela,0,C,TB,,
2025,Santiago Gil,https://www.spotrac.com/mlb/player/_/id/96522,_id96522,Venezuela,0,C,ARI,,
2025,Santiago Linares,https://www.spotrac.com/mlb/player/_/id/96329,_id96329,Venezuela,0,P,MIA,829728,2007-12-08
2025,Santiago Martinez,https://www.spotrac.com/mlb/player/_/id/96639,_id96639,Dominican Republic,0,P,MIL,,
2025,Santiago Vargas,https://www.spotrac.com/mlb/player/_/id/96513,_id96513,Colombia,0,SS,SD,,
2025,Sebastian Caseres,https://www.spotrac.com/mlb/player/_/id/96657,_id96657,Venezuela,0,P,LAA,829904,2008-03-02
2025,Sebastian Dos Santos,https://www.spotrac.com/mlb/player/_/id/96538,_id96538,Venezuela,0,SS,STL,829741,2008-01-29
2025,Sebastian Pena,https://www.spotrac.com/mlb/player/_/id/96964,_id96964,Venezuela,0,OF,SD,830808,2007-10-03
2025,Sharlisson De La Rosa,https://www.spotrac.com/mlb/player/_/id/96643,_id96643,Dominican Republic,0,3B,MIL,,
2025,Sheroky Rodriguez,https://www.spotrac.com/mlb/player/_/id/96814,_id96814,Venezuela,0,P,DET,829951,2008-02-13
2025,Stalen Ramirez,https://www.spotrac.com/mlb/player/_/id/96941,_id96941,Venezuela,0,C,NYY,830475,2008-08-17
2025,Starlin Alberto,https://www.spotrac.com/mlb/player/_/id/96559,_id96559,Dominican Republic,0,P,CIN,829900,2008-01-01
2025,Sterling Bazil,https://www.spotrac.com/mlb/player/_/id/96537,_id96537,Dominican Republic,0,SS,DET,829756,2008-05-13
2025,Steven Cabrera,https://www.spotrac.com/mlb/player/_/id/96649,_id96649,Dominican Republic,0,P,LAA,,
2025,Steven Herrera,https://www.spotrac.com/mlb/player/_/id/96326,_id96326,Dominican Republic,0,SS,MIA,829749,2008-02-21
2025,Tadeo Gamez,https://www.spotrac.com/mlb/player/_/id/96263,_id96263,Mexico,0,P,CHC,,
2025,Victor Castellano,https://www.spotrac.com/mlb/player/_/id/96803,_id96803,Venezuela,0,P,COL,,
2025,Victor Familia,https://www.spotrac.com/mlb/player/_/id/96546,_id96546,Dominican Republic,0,C,PIT,,
2025,Victor Garcia,https://www.spotrac.com/mlb/player/_/id/96769,_id96769,Venezuela,0,C,CHC,,
2025,Victor Marquez,https://www.spotrac.com/mlb/player/_/id/96701,_id96701,Venezuela,0,C,PIT,,
2025,Victor Pilar,https://www.spotrac.com/mlb/player/_/id/96967,_id96967,Dominican Republic,0,P,SD,,
2025,Victor Saez,https://www.spotrac.com/mlb/player/_/id/96437,_id96437,Venezuela,0,C,BAL,829978,2008-02-17
2025,Wanderly De La Cruz,https://www.spotrac.com/mlb/player/_/id/96450,_id96450,Dominican Republic,0,OF,CIN,829841,2008-05-25
2025,Wesly Castillo,https://www.spotrac.com/mlb/player/_/id/96605,_id96605,Dominican Republic,0,OF,TEX,,
2025,Wilmer Almonte,https://www.spotrac.com/mlb/player/_/id/96510,_id96510,Dominican Republic,0,P,ATL,829819,2007-12-05
2025,Winkel Del Rosario,https://www.spotrac.com/mlb/player/_/id/96587,_id96587,Dominican Republic,0,P,SF,829815,2006-10-07
2025,Wisler Infante,https://www.spotrac.com/mlb/player/_/id/96397,_id96397,Venezuela,0,P,SEA,,
2025,Wuillinger Tovar,https://www.spotrac.com/mlb/player/_/id/96871,_id96871,Venezuela,0,P,ATL,,
2025,Yahir Pena,https://www.spotrac.com/mlb/player/_/id/96658,_id96658,Venezuela,0,C,BOS,,
2025,Yangel Martinez,https://www.spotrac.com/mlb/player/_/id/96508,_id96508,Dominican Republic,0,P,ATL,,
2025,Yassel Garcia,https://www.spotrac.com/mlb/player/_/id/96493,_id96493,Dominican Republic,0,SS,ATL,,
2025,Yaury Jimenez,https://www.spotrac.com/mlb/player/_/id/96512,_id96512,Dominican Republic,0,P,ARI,,
2025,Yeicer Crespo,https://www.spotrac.com/mlb/player/_/id/96950,_id96950,Venezuela,0,C,TOR,830405,2007-11-28
2025,Yeison Oviedo,https://www.spotrac.com/mlb/player/_/id/96590,_id96590,Venezuela,0,SS,SF,829910,2007-12-11
2025,Yesid Mendoza,https://www.spotrac.com/mlb/player/_/id/96424,_id96424,Colombia,0,P,SF,829879,2007-11-20
2025,Yeuri Ramirez,https://www.spotrac.com/mlb/player/_/id/96344,_id96344,Dominican Republic,0,P,MIL,,
2025,Yhosneiber Torres,https://www.spotrac.com/mlb/player/_/id/96547,_id96547,Venezuela,0,P,PIT,,
2025,Yoander Santana,https://www.spotrac.com/mlb/player/_/id/96558,_id96558,Dominican Republic,0,SS,PIT,,
2025,Yobanny Sanchez,https://www.spotrac.com/mlb/player/_/id/96356,_id96356,Dominican Republic,0,P,NYM,,
2025,Yoelvis Betancourt,https://www.spotrac.com/mlb/player/_/id/96869,_id96869,Venezuela,0,C,ATL,,
2025,Yorber Semprun,https://www.spotrac.com/mlb/player/_/id/96363,_id96363,Venezuela,0,SS,NYM,,
2025,Yordanis Guerra,https://www.spotrac.com/mlb/player/_/id/96706,_id96706,Dominican Republic,0,OF,PHI,,
2025,Yordy Valdez,https://www.spotrac.com/mlb/player/_/id/96541,_id96541,Dominican Republic,0,OF,STL,,
2025,Yorsua Balanta,https://www.spotrac.com/mlb/player/_/id/97418,_id97418,Colombia,0,P,DET,,
2025,Yostin Pinales,https://www.spotrac.com/mlb/player/_/id/96507,_id96507,Dominican Republic,0,P,ATL,829936,2008-01-30
2025,Yovanny Duran,https://www.spotrac.com/mlb/player/_/id/96819,_id96819,Venezuela,0,OF,MIN,829773,2007-11-03
