SSBB,MLBAM,NL,pos,h,age,team,firstName,lastName,1B,2B,3B,SS,OF,osbAL,ocsAL,osbNL,ocsNL,BAvR,OBvR,SLvR,BAvL,OBvL,SLvL
1,664285,1001,P,L,29,Hou,Framber,Valdez,,,,,,,,,,,,,,,
2,543037,1002,P,R,32,NYA,Gerrit,Cole,,,,,,,,,,,,,,,
3,669456,1003,P,R,27,Cle,Shane,Bieber,,,,,,,,,,,,,,,
4,666201,1004,P,R,25,Tor,Alek,Manoah,,,,,,,,,,,,,,,
5,527048,1005,P,L,32,Tex,Martin,Perez,,,,,,,,,,,,,,,
6,663474,1006,P,R,25,Cle,Triston,McKenzie,,,,,,,,,,,,,,,
7,592662,1007,P,L,31,Sea,Robbie,Ray,,,,,,,,,,,,,,,
8,615698,1008,P,R,28,Cle,Cal,Quantrill,,,,,,,,,,,,,,,
9,669302,1009,P,R,25,Sea,Logan,Gilbert,,,,,,,,,,,,,,,
10,656302,1010,P,R,27,ChA,Dylan,Cease,,,,,,,,,,,,,,,
11,594835,1011,P,L,31,Sea,Marco,Gonzales,,,,,,,,,,,,,,,
12,605135,1012,P,R,34,Tor,Chris,Bassitt,,,,,,,,,,,,,,,
13,608344,1013,P,L,29,Bal,Cole,Irvin,,,,,,,,,,,,,,,
14,641154,1014,P,R,27,Min,Pablo,Lopez,,,,,,,,,,,,,,,
15,601713,1015,P,R,30,Bos,Nick,Pivetta,,,,,,,,,,,,,,,
16,543475,1016,P,R,32,KC,Jordan,Lyles,,,,,,,,,,,,,,,
17,542881,1017,P,L,33,LAA,Tyler,Anderson,,,,,,,,,,,,,,,
18,607074,1018,P,L,30,NYA,Carlos,Rodon,,,,,,,,,,,,,,,
19,592332,1019,P,R,32,Tor,Kevin,Gausman,,,,,,,,,,,,,,,
20,621244,1020,P,R,28,Tor,Jose,Berrios,,,,,,,,,,,,,,,
21,502043,1021,P,R,35,Bal,Kyle,Gibson,,,,,,,,,,,,,,,
22,663556,1022,P,L,26,TB,Shane,McClanahan,,,,,,,,,,,,,,,
23,660271,1023,P,R,28,LAA,Shohei,Ohtani-P,,,,,,,,,,,,,,,
24,664353,1024,P,R,27,Hou,Jose,Urquidy,,,,,,,,,,,,,,,
25,446372,1025,P,R,37,Bos,Corey,Kluber,,,,,,,,,,,,,,,
26,608337,1026,P,R,28,ChA,Lucas,Giolito,,,,,,,,,,,,,,,
27,641482,1027,P,L,28,NYA,Nestor,Cortes,,,,,,,,,,,,,,,
28,677651,1028,P,R,26,Hou,Luis,Garcia(Hou),,,,,,,,,,,,,,,
29,663903,1029,P,R,26,KC,Brady,Singer,,,,,,,,,,,,,,,
30,641540,1030,P,R,28,Tex,Dane,Dunning,,,,,,,,,,,,,,,
31,622491,1031,P,R,30,Sea,Luis,Castillo(Sea),,,,,,,,,,,,,,,
32,663776,1032,P,L,26,LAA,Patrick,Sandoval,,,,,,,,,,,,,,,
33,664299,1033,P,R,26,Hou,Cristian,Javier,,,,,,,,,,,,,,,
34,657746,1034,P,R,27,Min,Joe,Ryan,,,,,,,,,,,,,,,
35,656876,1035,P,R,27,TB,Drew,Rasmussen,,,,,,,,,,,,,,,
36,593423,1036,P,R,30,NYA,Frankie(hurt),Montas,,,,,,,,,,,,,,,
37,641745,1037,P,R,27,KC,Brad,Keller,,,,,,,,,,,,,,,
38,623167,1038,P,R,28,Sea,Chris,Flexen,,,,,,,,,,,,,,,
39,657248,1039,P,R,27,Tex,Glenn,Otto,,,,,,,,,,,,,,,
40,605488,1040,P,L,30,TB,Jeffrey,Springs,,,,,,,,,,,,,,,
41,621076,1041,P,R,29,Oak,James,Kaprielian,,,,,,,,,,,,,,,
42,668676,1042,P,R,28,Cle,Zach,Plesac,,,,,,,,,,,,,,,
43,663738,1043,P,L,26,KC,Daniel,Lynch,,,,,,,,,,,,,,,
44,669923,1044,P,R,25,Sea,George,Kirby,,,,,,,,,,,,,,,
45,663460,1045,P,L,25,KC,Kris,Bubic,,,,,,,,,,,,,,,
46,672282,1046,P,L,23,LAA,Reid,Detmers,,,,,,,,,,,,,,,
47,592351,1047,P,R,31,Tex,Jon,Gray(Tex),,,,,,,,,,,,,,,
48,665152,1048,P,R,27,Bal,Dean,Kremer,,,,,,,,,,,,,,,
49,458681,1049,P,R,35,ChA,Lance,Lynn,,,,,,,,,,,,,,,
50,605507,1050,P,R,29,Tor,Zach,Thompson,,,,,,,,,,,,,,,
51,641816,1051,P,R,28,Min,Tyler,Mahle,,,,,,,,,,,,,,,
52,543243,1052,P,R,33,Min,Sonny,Gray,,,,,,,,,,,,,,,
53,656629,1053,P,R,27,ChA,Michael,Kopech,,,,,,,,,,,,,,,
54,680694,1054,P,R,26,Bal,Kyle,Bradish,,,,,,,,,,,,,,,
55,605182,1055,P,R,32,ChA,Mike,Clevinger,,,,,,,,,,,,,,,
56,621112,1056,P,R,29,Oak,Paul,Blackburn,,,,,,,,,,,,,,,
57,543135,1057,P,R,33,Tex,Nathan,Eovaldi,,,,,,,,,,,,,,,
58,660761,1058,P,L,25,LAA,Jose,Suarez,,,,,,,,,,,,,,,
59,543606,1059,P,R,33,Tex,Jake,Odorizzi,,,,,,,,,,,,,,,
60,657093,1060,P,R,30,Bal,Spenser,Watkins,,,,,,,,,,,,,,,
61,669169,1061,P,R,26,KC,Jonathan,Heasley,,,,,,,,,,,,,,,
62,669330,1062,P,R,28,Bal,Tyler,Wells,,,,,,,,,,,,,,,
63,622663,1063,P,R,29,NYA,Luis,Severino,,,,,,,,,,,,,,,
64,608723,1064,P,R,30,Bal,Austin,Voth,,,,,,,,,,,,,,,
65,641302,1065,P,L,28,Det,Tyler,Alexander,,,,,,,,,,,,,,,
66,579328,1066,P,L,31,Tor,Yusei,Kikuchi,,,,,,,,,,,,,,,
67,621368,1067,P,L,28,Tex,Taylor,Hearn,,,,,,,,,,,,,,,
68,669952,1068,P,R,28,Tor,Mitch,White,,,,,,,,,,,,,,,
69,547179,1069,P,R,31,Det,Michael,Lorenzen,,,,,,,,,,,,,,,
70,650644,1070,P,R,27,Cle,Aaron,Civale,,,,,,,,,,,,,,,
71,593958,1071,P,L,30,Det,Eduardo,Rodriguez,,,,,,,,,,,,,,,
72,669211,1072,P,L,28,Bal,Keegan,Akin,,,,,,,,,,,,,,,
73,689225,1073,P,R,25,Det,Beau,Brieske,,,,,,,,,,,,,,,
74,642232,1074,P,L,31,KC,Ryan,Yarbrough,,,,,,,,,,,,,,,
75,642545,1075,P,R,26,LAA,Jaime,Barria,,,,,,,,,,,,,,,
76,676477,1076,P,R,26,Bos,Garrett,Whitlock,,,,,,,,,,,,,,,
77,676710,1077,P,R,26,Bos,Kutter,Crawford,,,,,,,,,,,,,,,
78,621107,1078,P,R,29,TB,Zach,Eflin,,,,,,,,,,,,,,,
79,670124,1079,P,R,28,Oak,Adam,Oller,,,,,,,,,,,,,,,
80,669145,1080,P,L,28,Bal,Bruce,Zimmermann,,,,,,,,,,,,,,,
81,571760,1081,P,L,31,Tex,Andrew,Heaney,,,,,,,,,,,,,,,
82,593334,1082,P,R,30,NYA,Domingo,German,,,,,,,,,,,,,,,
83,670174,1083,P,R,24,Bos,Josh,Winckowski,,,,,,,,,,,,,,,
84,676664,1084,P,L,27,Oak,JP,Sears,,,,,,,,,,,,,,,
85,641329,1085,P,R,28,Bal,Bryan,Baker,,,,,,,,,,,,,,,
86,682171,1086,P,R,28,Sea,Penn,Murfee,,,,,,,,,,,,,,,
87,680739,1087,P,R,26,Min,Josh,Winder,,,,,,,,,,,,,,,
88,625643,1088,P,R,29,ChA,Reynaldo,Lopez,,,,,,,,,,,,,,,
89,594798,1089,P,R,34,Tex,Jacob,deGrom,,,,,,,,,,,,,,,
90,663436,1090,P,R,26,ChA,Davis,Martin,,,,,,,,,,,,,,,
91,666159,1091,P,R,25,Det,Matt,Manning,,,,,,,,,,,,,,,
92,676684,1092,P,R,27,Det,Will,Vest,,,,,,,,,,,,,,,
93,542888,1093,P,R,32,TB,Shawn,Armstrong,,,,,,,,,,,,,,,
94,656222,1094,P,L,29,TB,Jalen,Beeks,,,,,,,,,,,,,,,
95,682051,1095,P,R,27,Det,Garrett,Hill,,,,,,,,,,,,,,,
96,656557,1096,P,R,26,Bos,Tanner,Houck,,,,,,,,,,,,,,,
97,663455,1097,P,L,25,Cle,Konnor,Pilkington,,,,,,,,,,,,,,,
98,657376,1098,P,R,27,NYA,Clarke,Schmidt,,,,,,,,,,,,,,,
99,661309,1099,P,R,26,Oak,Adrian,Martinez,,,,,,,,,,,,,,,
100,678394,1100,P,R,23,Bos,Brayan,Bello,,,,,,,,,,,,,,,
101,672578,1101,P,R,26,KC,CarlosE.,Hernandez,,,,,,,,,,,,,,,
102,641927,1102,P,R,27,Min,Bailey,Ober,,,,,,,,,,,,,,,
103,656412,1103,P,R,27,Det,Alex,Faedo,,,,,,,,,,,,,,,
104,656353,1104,P,L,27,LAA,Tucker,Davidson,,,,,,,,,,,,,,,
105,650633,1105,P,R,27,NYA,Michael,King,,,,,,,,,,,,,,,
106,665621,1106,P,R,25,Det,Rony,Garcia,,,,,,,,,,,,,,,
107,666374,1107,P,R,24,Sea,Matt,Brash,,,,,,,,,,,,,,,
108,681806,1108,P,R,27,LAA,Andrew,Wantz,,,,,,,,,,,,,,,
109,621121,1109,P,R,29,Hou,Lance,McCullers,,,,,,,,,,,,,,,
110,669424,1110,P,R,28,ChA,Jimmy,Lambert,,,,,,,,,,,,,,,
111,663423,1111,P,R,29,Tor,Trent,Thornton,,,,,,,,,,,,,,,
112,666142,1112,P,L,25,Tex,Cole,Ragans,,,,,,,,,,,,,,,
113,666721,1113,P,R,23,KC,Max,Castillo,,,,,,,,,,,,,,,
114,675921,1114,P,R,26,Tex,Spencer,Howard,,,,,,,,,,,,,,,
115,676596,1115,P,L,26,TB,Josh,Fleming,,,,,,,,,,,,,,,
116,686610,1116,P,L,25,Oak,Ken,Waldichuk,,,,,,,,,,,,,,,
117,657508,1117,P,R,27,Bal,Mike,Baumann,,,,,,,,,,,,,,,
118,666214,1118,P,L,25,Det,Joey,Wentz,,,,,,,,,,,,,,,
119,663485,1119,P,R,25,Min,Cole,Sands,,,,,,,,,,,,,,,
120,681217,1120,P,R,22,LAA,Chase,Silseth,,,,,,,,,,,,,,,
121,686973,1121,P,R,25,Min,Louie,Varland,,,,,,,,,,,,,,,
122,657053,1122,P,R,26,Cle,Touki,Toussaint,,,,,,,,,,,,,,,
123,663752,1123,P,R,26,Cle,Cody,Morris,,,,,,,,,,,,,,,
124,622250,1124,P,R,29,Tex,Josh,Sborz,,,,,,,,,,,,,,,
125,686613,1125,P,R,24,Hou,Hunter,Brown,,,,,,,,,,,,,,,
126,672715,1126,P,R,23,TB,Luis,Patino,,,,,,,,,,,,,,,
127,642100,1127,P,L,28,Sea,Gabe,Speier,,,,,,,,,,,,,,,
128,670955,1128,P,R,25,Det,Edwin,Uceta,,,,,,,,,,,,,,,
129,663804,1129,P,R,26,KC,Jackson,Kowar,,,,,,,,,,,,,,,
130,669084,1130,P,L,24,Bal,DL,Hall,,,,,,,,,,,,,,,
131,571510,1131,P,L,32,Det,Matthew,Boyd,,,,,,,,,,,,,,,
132,656232,1132,P,R,26,Hou,Brandon,Bielak,,,,,,,,,,,,,,,
133,666205,1133,P,L,25,Oak,Kyle,Muller,,,,,,,,,,,,,,,
134,656954,1134,P,L,26,Sea,Justus,Sheffield,,,,,,,,,,,,,,,
135,678692,1135,P,R,22,Min,Ronny,Henriquez,,,,,,,,,,,,,,,
136,672582,1136,P,L,23,KC,Angel,Zerpa,,,,,,,,,,,,,,,
137,675540,1137,P,R,24,Cle,Xzavion,Curry,,,,,,,,,,,,,,,
138,607644,1138,P,L,30,Bal,John(out/until/6-23?),Means,,,,,,,,,,,,,,,
139,683769,1139,P,R,24,Cle,Hunter,Gaddis,,,,,,,,,,,,,,,
140,630023,1140,P,R,29,TB,Yonny,Chirinos,,,,,,,,,,,,,,,
141,669935,1141,P,R,24,Min,A.J.,Alexy,,,,,,,,,,,,,,,
142,607192,1142,P,R,29,TB,Tyler,Glasnow,,,,,,,,,,,,,,,
143,519242,1143,P,L,34,Bos,Chris,Sale,,,,,,,,,,,,,,,
144,680573,1144,P,R,22,Min,Simeon,WoodsRichardson,,,,,,,,,,,,,,,
145,641672,1145,P,R,28,Tor,Thomas,Hatch,,,,,,,,,,,,,,,
146,666619,1146,P,R,23,ChA,Gregory,Santos,,,,,,,,,,,,,,,
147,681867,1147,P,R,26,TB,Cooper,Criswell,,,,,,,,,,,,,,,
148,668834,1148,P,R,25,Sea,Easton,McGee,,,,,,,,,,,,,,,
149,657514,1149,P,L,31,Sea,Brennan,Bernardino,,,,,,,,,,,,,,,
150,666720,1150,P,R,25,Tex,Yerry,Rodriguez,,,,,,,,,,,,,,,
151,676206,1151,P,R,24,Oak,Freddy,Tarnok,,,,,,,,,,,,,,,
152,628317,1152,P,R,35,Min,Kenta,Maeda,,,,,,,,,,,,,,,
153,572020,1153,P,L,34,Bos,James,Paxton,,,,,,,,,,,,,,,
154,605513,1154,P,R,30,Det,Spencer,Turnbull,,,,,,,,,,,,,,,
155,656288,1155,P,R,26,LAA,Griffin,Canning,,,,,,,,,,,,,,,
156,665620,1156,P,R,23,NYA,Deivi,Garcia,,,,,,,,,,,,,,,
157,663878,1157,P,R,26,Tor,Nate,Pearson,,,,,,,,,,,,,,,
158,669735,1158,P,R,24,LAA,Chris,Rodriguez,,,,,,,,,,,,,,,
159,680692,1159,P,R,25,ChA,Jonathan,Stiever,,,,,,,,,,,,,,,
160,680570,1160,P,R,23,Bal,Grayson,Rodriguez,,,,,,,,,,,,,,,
161,,1161,P,L,23,Bal,Drew,Rom,,,,,,,,,,,,,,,
162,,1162,P,R,26,Bal,Andrew,Politi,,,,,,,,,,,,,,,
163,667356,1163,P,R,23,Bos,Bryan,Mata,,,,,,,,,,,,,,,
164,,1164,P,L,26,Bos,Brandon,Walter,,,,,,,,,,,,,,,
165,696147,1165,P,R,23,LAA,Sam,Bachman,,,,,,,,,,,,,,,
166,681066,1166,P,L,23,LAA,Ky,Bush,,,,,,,,,,,,,,,
167,,1167,P,R,25,LAA,Davis,Daniel,,,,,,,,,,,,,,,
168,,1168,P,R,22,LAA,Ben(round/3/2022/MLB/draft),Joyce,,,,,,,,,,,,,,,
169,667755,1169,P,R,24,LAA,Jose,Soriano,,,,,,,,,,,,,,,
170,691721,1170,P,R,21,ChA,Jared,Kelley,,,,,,,,,,,,,,,
171,694195,1171,P,R,22,ChA,Norge,Vera,,,,,,,,,,,,,,,
172,702273,1172,P,L,19,ChA,Noah(round/1/2022/MLB/draft),Schultz,,,,,,,,,,,,,,,
173,,1173,P,R,22,ChA,Peyton(round/2/2022/MLB/draft),Pallette,,,,,,,,,,,,,,,
174,,1174,P,R,20,ChA,Cristian,Mena,,,,,,,,,,,,,,,
175,682982,1175,P,R,22,Cle,Daniel,Espino,,,,,,,,,,,,,,,
176,671106,1176,P,L,24,Cle,LoganT.,Allen(Cle),,,,,,,,,,,,,,,
177,668909,1177,P,R,23,Cle,Gavin,Williams,,,,,,,,,,,,,,,
178,676282,1178,P,L,23,Cle,Joey,Cantillo,,,,,,,,,,,,,,,
179,,1179,P,R,24,Cle,Tanner,Bibee,,,,,,,,,,,,,,,
180,,1180,P,R,22,Cle,Justin(round/1C/2022/MLB/draft),Campbell,,,,,,,,,,,,,,,
181,695549,1181,P,R,20,Det,Jackson,Jobe,,,,,,,,,,,,,,,
182,680744,1182,P,R,23,Det,Ty,Madden,,,,,,,,,,,,,,,
183,,1183,P,R,22,Det,Wilmer,Flores(Det),,,,,,,,,,,,,,,
184,,1184,P,R,23,Det,Reese,Olson,,,,,,,,,,,,,,,
185,,1185,P,R,23,Det,Mason,Englert,,,,,,,,,,,,,,,
186,669370,1186,P,L,24,KC,Asa,Lacy,,,,,,,,,,,,,,,
187,680742,1187,P,R,26,KC,Jonathan,Bowlan,,,,,,,,,,,,,,,
188,700924,1188,P,L,19,KC,Frank,Mozzicato,,,,,,,,,,,,,,,
189,695667,1189,P,R,20,KC,Ben,Kudrna,,,,,,,,,,,,,,,
190,679525,1190,P,R,24,KC,Alec,Marsh,,,,,,,,,,,,,,,
191,666364,1191,P,R,24,Min,Jordan,Balazovic,,,,,,,,,,,,,,,
192,669416,1192,P,R,24,Min,Blayne,Enlow,,,,,,,,,,,,,,,
193,,1193,P,R,20,Min,Marco,Raya,,,,,,,,,,,,,,,
194,,1194,P,L,22,Min,Connor(round/2/2022/MLB/draft),Prielipp,,,,,,,,,,,,,,,
195,,1195,P,R,23,Min,David,Festa,,,,,,,,,,,,,,,
196,672782,1196,P,R,23,NYA,Yoendrys,Gomez,,,,,,,,,,,,,,,
197,681190,1197,P,R,24,NYA,Randy,Vasquez,,,,,,,,,,,,,,,
198,,1198,P,R,24,NYA,Will,Warren,,,,,,,,,,,,,,,
199,,1199,P,R,22,NYA,Drew(round/2/2022/MLB/draft),Thorpe,,,,,,,,,,,,,,,
200,690925,1200,P,R,24,NYA,Clayton,Beeter,,,,,,,,,,,,,,,
201,665622,1201,P,R,23,Oak,Luis,Medina,,,,,,,,,,,,,,,
202,680684,1202,P,R,22,Oak,Gunnar,Hoglund,,,,,,,,,,,,,,,
203,,1203,P,R,28,Oak,Shintaro,Fujinami,,,,,,,,,,,,,,,
204,,1204,P,R,24,Oak,Mason,Miller,,,,,,,,,,,,,,,
205,669372,1205,P,R,23,Oak,J.T.,Ginn,,,,,,,,,,,,,,,
206,676106,1206,P,R,24,Sea,Emerson,Hancock,,,,,,,,,,,,,,,
207,672730,1207,P,R,23,Sea,Juan,Then,,,,,,,,,,,,,,,
208,,1208,P,R,24,Sea,Bryce,Miller,,,,,,,,,,,,,,,
209,,1209,P,R,24,Sea,Taylor,Dollard,,,,,,,,,,,,,,,
210,,1210,P,R,23,Sea,Bryan,Woo,,,,,,,,,,,,,,,
211,,1211,P,R,24,Sea,Chris,Clarke,,,,,,,,,,,,,,,
212,,1212,P,R,23,Sea,Prelander,Berroa,,,,,,,,,,,,,,,
213,668390,1213,P,R,23,Tex,Cole,Winn,,,,,,,,,,,,,,,
214,676568,1214,P,R,24,Tex,Ricky,Vanasco,,,,,,,,,,,,,,,
215,683004,1215,P,R,22,Tex,Jack,Leiter,,,,,,,,,,,,,,,
216,669391,1216,P,R,23,Tex,Owen,White,,,,,,,,,,,,,,,
217,677958,1217,P,R,23,Tex,Kumar(round/1/2022/MLB/draft),Rocker,,,,,,,,,,,,,,,
218,,1218,P,R,19,Tex,Brock(round/4/2022/MLB/draft),Porter,,,,,,,,,,,,,,,
219,691172,1219,P,R,25,Tor,Yosver,Zulueta,,,,,,,,,,,,,,,
220,694357,1220,P,L,20,Tor,Ricky,Tiedemann,,,,,,,,,,,,,,,
221,,1221,P,L,22,Tor,Adam,Macko,,,,,,,,,,,,,,,
222,,1222,P,R,20,Tor,Dahian,Santos,,,,,,,,,,,,,,,
223,,1223,P,R,21,Tor,Semm,Robberse,,,,,,,,,,,,,,,
224,702255,1224,P,L,19,Tor,Brandon(round/1/2022/MLB/draft),Barriera,,,,,,,,,,,,,,,
225,666215,1225,P,R,25,Hou,Forrest,Whitley,,,,,,,,,,,,,,,
226,691012,1226,P,R,21,Hou,Alex,Santos,,,,,,,,,,,,,,,
227,681869,1227,P,R,27,Hou,Shawn,Dubin,,,,,,,,,,,,,,,
228,677961,1228,P,R,23,TB,Cole,Wilcox,,,,,,,,,,,,,,,
229,671737,1229,P,R,22,TB,Taj,Bradley,,,,,,,,,,,,,,,
230,,1230,P,L,22,TB,Mason,Montgomery,,,,,,,,,,,,,,,
231,656271,1231,SR,L,26,Tex,Brock,Burke,,,,,,,,,,,,,,,
232,605130,1232,SR,R,30,KC,Scott,Barlow,,,,,,,,,,,,,,,
233,622253,1233,SR,R,28,Bal,Dillon,Tate,,,,,,,,,,,,,,,
234,661403,1234,SR,R,25,Cle,Emmanuel,Clase,,,,,,,,,,,,,,,
235,643377,1235,SR,R,28,Min,Griffin,Jax,,,,,,,,,,,,,,,
236,605347,1236,SR,R,30,Min,Jorge,Lopez,,,,,,,,,,,,,,,
237,643256,1237,SR,R,32,Tor,Adam,Cimber,,,,,,,,,,,,,,,
238,542914,1238,SR,R,35,Tor,Anthony,Bass,,,,,,,,,,,,,,,
239,623474,1239,SR,R,29,LAA,Jimmy,Herget,,,,,,,,,,,,,,,
240,606160,1240,SR,R,32,Hou,Rafael,Montero,,,,,,,,,,,,,,,
241,669395,1241,SR,R,26,KC,Dylan,Coleman,,,,,,,,,,,,,,,
242,642758,1242,SR,R,28,Oak,Domingo,Acevedo,,,,,,,,,,,,,,,
243,661395,1243,SR,R,25,Min,Jhoan,Duran,,,,,,,,,,,,,,,
244,669212,1244,SR,R,26,Cle,Eli,Morgan,,,,,,,,,,,,,,,
245,640462,1245,SR,L,28,Oak,A.J.,Puk,,,,,,,,,,,,,,,
246,664208,1246,SR,R,30,Hou,Phil,Maton,,,,,,,,,,,,,,,
247,642585,1247,SR,R,27,Bal,Felix,Bautista,,,,,,,,,,,,,,,
248,593576,1248,SR,R,33,Hou,Hector,Neris,,,,,,,,,,,,,,,
249,608665,1249,SR,R,32,ChA,Kendall,Graveman,,,,,,,,,,,,,,,
250,670167,1250,SR,R,29,Bos,John,Schreiber,,,,,,,,,,,,,,,
251,662253,1251,SR,R,24,Sea,Andres,Munoz,,,,,,,,,,,,,,,
252,445276,1252,SR,R,35,Bos,Kenley,Jansen,,,,,,,,,,,,,,,
253,670950,1253,SR,R,29,Tor,Trevor,Richards,,,,,,,,,,,,,,,
254,623149,1254,SR,R,32,Sea,Paul,Sewald,,,,,,,,,,,,,,,
255,605447,1255,SR,R,30,Tor,Jordan,Romano,,,,,,,,,,,,,,,
256,605280,1256,SR,R,30,NYA,Clay,Holmes,,,,,,,,,,,,,,,
257,663986,1257,SR,R,27,Cle,Trevor,Stephan,,,,,,,,,,,,,,,
258,592094,1258,SR,R,31,TB,Jason,Adam,,,,,,,,,,,,,,,
259,656638,1259,SR,R,27,Det,Alex,Lange,,,,,,,,,,,,,,,
260,641941,1260,SR,R,31,Min,Emilio,Pagan,,,,,,,,,,,,,,,
261,518489,1261,SR,R,35,Bos,Ryan,Brasier,,,,,,,,,,,,,,,
262,656529,1262,SR,L,26,Cle,Sam,Hentges,,,,,,,,,,,,,,,
263,571710,1263,SR,R,32,Bal,Mychal,Givens,,,,,,,,,,,,,,,
264,554340,1264,SR,R,32,Tor,Yimi,Garcia,,,,,,,,,,,,,,,
265,614179,1265,SR,R,28,ChA,Jose,Ruiz,,,,,,,,,,,,,,,
266,650556,1266,SR,R,26,Hou,Bryan,Abreu,,,,,,,,,,,,,,,
267,671345,1267,SR,R,27,Det,Jason,Foley,,,,,,,,,,,,,,,
268,573204,1268,SR,L,36,Min,Caleb,Thielbar,,,,,,,,,,,,,,,
269,571901,1269,SR,L,35,LAA,Aaron,Loup,,,,,,,,,,,,,,,
270,621363,1270,SR,L,29,TB,Colin,Poche,,,,,,,,,,,,,,,
271,518617,1271,SR,L,36,ChA,Jake,Diekman,,,,,,,,,,,,,,,
272,672335,1272,SR,L,27,Bal,Cionel,Perez,,,,,,,,,,,,,,,
273,607216,1273,SR,R,30,Bal,Joey,Krehbiel,,,,,,,,,,,,,,,
274,572193,1274,SR,R,35,LAA,Ryan,Tepera,,,,,,,,,,,,,,,
275,608032,1275,SR,R,30,LAA,Carlos,Estevez,,,,,,,,,,,,,,,
276,593974,1276,SR,L,31,NYA,Wandy,Peralta,,,,,,,,,,,,,,,
277,455119,1277,SR,R,36,Bos,Chris,Martin,,,,,,,,,,,,,,,
278,592773,1278,SR,R,31,Hou,Ryne,Stanek,,,,,,,,,,,,,,,
279,650895,1279,SR,R,29,Sea,Diego,Castillo(Sea),,,,,,,,,,,,,,,
280,670036,1280,SR,R,30,Sea,Matt,Festa,,,,,,,,,,,,,,,
281,642152,1281,SR,R,31,NYA,Lou,Trivino,,,,,,,,,,,,,,,
282,657024,1282,SR,R,29,Tor,Erik,Swanson,,,,,,,,,,,,,,,
283,660853,1283,SR,R,27,Cle,Enyel,DeLosSantos,,,,,,,,,,,,,,,
284,621383,1284,SR,L,31,ChA,Tanner,Banks,,,,,,,,,,,,,,,
285,667463,1285,SR,L,28,Tex,John,King,,,,,,,,,,,,,,,
286,570257,1286,SR,L,31,Bos,Joely,Rodriguez,,,,,,,,,,,,,,,
287,664199,1287,SR,R,29,KC,Taylor,Clarke,,,,,,,,,,,,,,,
288,641835,1288,SR,L,31,Tor,Tim,Mayza,,,,,,,,,,,,,,,
289,519151,1289,SR,R,34,Hou,Ryan,Pressly,,,,,,,,,,,,,,,
290,642528,1290,SR,R,28,NYA,Jonathan,Loaisiga,,,,,,,,,,,,,,,
291,667427,1291,SR,R,28,Oak,Zach,Jackson,,,,,,,,,,,,,,,
292,600917,1292,SR,R,29,Tex,Jose,Leclerc,,,,,,,,,,,,,,,
293,641627,1293,SR,R,30,Sea,Trevor,Gott,,,,,,,,,,,,,,,
294,607237,1294,SR,L,30,KC,Amir,Garrett,,,,,,,,,,,,,,,
295,641582,1295,SR,R,28,ChA,Matt,Foster,,,,,,,,,,,,,,,
296,656730,1296,SR,R,29,Min,Trevor,Megill,,,,,,,,,,,,,,,
297,669912,1297,SR,L,28,Oak,Kirby,Snead,,,,,,,,,,,,,,,
298,680704,1298,SR,R,26,Cle,Nick,Sandlin,,,,,,,,,,,,,,,
299,676760,1299,SR,R,27,NYA,Ron,Marinaccio,,,,,,,,,,,,,,,
300,594580,1300,SR,L,31,Oak,Sam,Moll,,,,,,,,,,,,,,,
301,657044,1301,SR,R,30,TB,Ryan,Thompson,,,,,,,,,,,,,,,
302,650671,1302,SR,L,27,LAA,Jose,Quijada,,,,,,,,,,,,,,,
303,663558,1303,SR,L,26,Min,Jovani,Moran,,,,,,,,,,,,,,,
304,598264,1304,SR,R,32,Bos,Matt,Barnes,,,,,,,,,,,,,,,
305,675916,1305,SR,R,27,Cle,James,Karinchak,,,,,,,,,,,,,,,
306,647315,1306,SR,R,26,Tor,Zach,Pop,,,,,,,,,,,,,,,
307,656061,1307,SR,R,27,NYA,Albert,Abreu,,,,,,,,,,,,,,,
308,661527,1308,SR,R,28,Hou,Seth,Martinez,,,,,,,,,,,,,,,
309,606625,1309,SR,R,30,Tex,Reyes,Moronta,,,,,,,,,,,,,,,
310,622251,1310,SR,R,29,KC,Josh,Staumont,,,,,,,,,,,,,,,
311,621016,1311,SR,R,28,KC,Jose,Cuas,,,,,,,,,,,,,,,
312,523260,1312,SR,R,34,ChA,Joe,Kelly,,,,,,,,,,,,,,,
313,547973,1313,SR,L,35,KC,Aroldis,Chapman,,,,,,,,,,,,,,,
314,669618,1314,SR,R,27,Tex,Joe,Barlow,,,,,,,,,,,,,,,
315,666204,1315,SR,R,29,Oak,Dany,Jimenez,,,,,,,,,,,,,,,
316,676092,1316,SR,R,27,KC,Collin,Snider,,,,,,,,,,,,,,,
317,642546,1317,SR,R,26,Tex,Jonathan,Hernandez,,,,,,,,,,,,,,,
318,670090,1318,SR,R,28,Bos,Wyatt,Mills,,,,,,,,,,,,,,,
319,664948,1319,SR,L,28,KC,Anthony,Misiewicz,,,,,,,,,,,,,,,
320,672391,1320,SR,R,31,Bos,Kaleb,Ort,,,,,,,,,,,,,,,
321,607481,1321,SR,L,29,ChA,Aaron,Bummer,,,,,,,,,,,,,,,
322,663989,1322,SR,L,27,Bal,Nick,Vespi,,,,,,,,,,,,,,,
323,543507,1323,SR,R,33,Oak,Trevor,May,,,,,,,,,,,,,,,
324,542585,1324,SR,R,34,Det,Jose,Cisnero,,,,,,,,,,,,,,,
325,664126,1325,SR,R,29,TB,Pete,Fairbanks,,,,,,,,,,,,,,,
326,664076,1326,SR,L,28,TB,Garrett,Cleavinger,,,,,,,,,,,,,,,
327,676534,1327,SR,R,27,TB,Calvin,Faucher,,,,,,,,,,,,,,,
328,656986,1328,SR,L,28,ChA,Bennett,Sousa,,,,,,,,,,,,,,,
329,666974,1329,SR,R,29,Bal,Yennier,Cano,,,,,,,,,,,,,,,
330,663385,1330,SR,R,27,Oak,Chad,Smith,,,,,,,,,,,,,,,
331,670810,1331,SR,R,25,Bal,Logan,Gillaspie,,,,,,,,,,,,,,,
332,642130,1332,SR,L,27,Hou,Blake,Taylor,,,,,,,,,,,,,,,
333,677161,1333,SR,R,28,Bos,Zack,Kelly,,,,,,,,,,,,,,,
334,592848,1334,SR,R,30,LAA,Zack,Weiss,,,,,,,,,,,,,,,
335,657424,1335,SR,L,30,Tor,Matt,Gage,,,,,,,,,,,,,,,
336,592454,1336,SR,R,33,NYA,Tommy,Kahnle,,,,,,,,,,,,,,,
337,669711,1337,SR,R,28,NYA,Greg,Weissert,,,,,,,,,,,,,,,
338,665896,1338,SR,R,26,LAA,Jose,Marte,,,,,,,,,,,,,,,
339,623437,1339,SR,R,32,Sea,Justin,Topa,,,,,,,,,,,,,,,
340,656786,1340,SR,L,27,Hou,Parker,Mushinski,,,,,,,,,,,,,,,
341,650382,1341,SR,L,26,Bal,Darwinzon,Hernandez,,,,,,,,,,,,,,,
342,669854,1342,SR,R,29,Hou,Ronel,Blanco,,,,,,,,,,,,,,,
343,681464,1343,SR,R,25,Bos,Franklin,German,,,,,,,,,,,,,,,
344,660600,1344,SR,R,27,Hou,Enoli,Paredes,,,,,,,,,,,,,,,
345,660896,1345,SR,R,27,Min,Jorge,Alcala,,,,,,,,,,,,,,,
346,656820,1346,SR,R,26,ChA,Nicholas,Padilla,,,,,,,,,,,,,,,
347,657031,1347,SR,L,30,KC,Josh,Taylor,,,,,,,,,,,,,,,
348,622772,1348,SR,R,31,NYA,Jimmy,Cordero,,,,,,,,,,,,,,,
349,663992,1349,SR,L,27,KC,Richard,Lovelady,,,,,,,,,,,,,,,
350,621057,1350,SR,R,29,LAA,Justin,Garza,,,,,,,,,,,,,,,
351,656266,1351,SR,R,26,Sea,J.B.,Bukauskas,,,,,,,,,,,,,,,
352,,1352,SR,R,25,ChA,Nick,Avila,,,,,,,,,,,,,,,
353,,1353,SR,R,25,TB,Kevin,Kelly,,,,,,,,,,,,,,,
354,662139,1354,C,L,26,Tor,Daulton,Varsho,,,,,2.14,0.51,0.15,0.52,0.15,1,6,19,-4,-18,-57
355,672386,1355,C,R,24,Tor,Alejandro,Kirk,,,,,,0.53,0.18,0.53,0.18,-3,-3,-11,9,7,29
356,669004,1356,C,L,24,KC,MJ,Melendez,,,,,2.07,0.48,0.16,0.48,0.17,-3,1,4,9,-4,-14
357,521692,1357,C,R,32,KC,Salvador,Perez,,,,,,0.33,0.17,0.33,0.17,-6,-9,-17,16,23,42
358,668939,1358,C,B,25,Bal,Adley,Rutschman,,,,,,0.41,0.15,0.41,0.15,1,3,10,-2,-7,-24
359,641680,1359,C,B,27,Tex,Jonah,Heim,,,,,,0.5,0.14,0.51,0.14,-11,-8,-18,28,19,43
360,543877,1360,C,R,32,Min,Christian,Vazquez,,,,,,0.5,0.18,0.5,0.18,0,-1,-7,1,1,16
361,663728,1361,C,B,26,Sea,Cal,Raleigh,,,,,,0.51,0.2,0.52,0.2,-7,-6,0,18,17,-1
362,518735,1362,C,B,34,ChA,Yasmani,Grandal,,,,,,0.6,0.16,0.61,0.16,-9,-12,-11,25,32,29
363,455117,1363,C,R,36,Hou,Martin,Maldonado,,,,,,0.39,0.14,0.39,0.14,-8,-8,-22,17,19,50
364,545358,1364,C,R,32,LAA,Max,Stassi,,,,,,0.51,0.13,0.52,0.13,2,0,5,-4,1,-11
365,624431,1365,C,R,30,NYA,Jose,Trevino,,,,,,0.43,0.16,0.43,0.16,-2,-5,-8,5,13,21
366,606992,1366,C,R,30,Det,Eric,Haase,,,,,,0.46,0.17,0.47,0.17,-9,-9,-20,20,20,42
367,542194,1367,C,R,31,TB,Christian,Bethancourt,1.83,,,,,0.48,0.18,0.49,0.18,-3,-7,-5,7,15,10
368,642336,1368,C,B,27,TB,Francisco,Mejia,,,,,,0.44,0.16,0.45,0.16,-14,-11,-12,30,25,27
369,595751,1369,C,R,29,Bos,Jorge,Alfaro,,,,,,0.4,0.15,0.4,0.15,-5,-7,-19,11,15,45
370,624512,1370,C,L,28,Bos,Reese,McGuire,,,,,,0.44,0.19,0.44,0.19,6,7,15,-20,-25,-52
371,643376,1371,C,R,28,Tor,Danny,Jansen,,,,,,0.46,0.16,0.47,0.17,2,-3,2,-5,7,-4
372,543309,1372,C,R,33,NYA,Kyle,Higashioka,,,,,,0.47,0.15,0.48,0.15,-7,-7,-19,15,17,42
373,680777,1373,C,R,25,Min,Ryan,Jeffers,,,,,,0.53,0.16,0.54,0.16,-9,-12,-18,21,27,41
374,641598,1374,C,R,32,Tex,Mitch,Garver,,,,,,0.5,0.14,0.51,0.15,-3,-5,-16,6,11,34
375,664874,1375,C,R,29,ChA,Seby,Zavala,,,,,,0.53,0.15,0.53,0.15,0,-5,-5,0,12,12
376,543510,1376,C,R,32,Bal,James,McCann,,,,,,0.5,0.17,0.5,0.17,1,-2,-6,-1,5,14
377,669127,1377,C,R,25,Oak,Shea,Langeliers,,,,,,0.53,0.17,0.54,0.17,-5,-9,-10,12,21,23
378,669087,1378,C,R,25,Tex,Sam,Huff,,,,,,0.54,0.16,0.55,0.16,-3,-6,-12,6,14,26
379,572287,1379,C,R,32,Cle,Mike,Zunino,,,,,,0.49,0.15,0.5,0.15,-14,-17,-37,30,36,82
380,650907,1380,C,R,26,TB,Rene,Pinto,,,,,,0.5,0.15,0.51,0.15,-4,-7,-9,9,16,22
381,642136,1381,C,L,27,LAA,Matt,Thaiss,,,,,,0.49,0.17,0.49,0.17,6,7,17,-18,-22,-53
382,657136,1382,C,R,26,Bos,Connor,Wong,,,,,,0.53,0.17,0.54,0.17,-1,-2,-6,3,5,14
383,608596,1383,C,R,32,Sea,Tom,Murphy,,,,,,0.51,0.14,0.51,0.14,-5,-12,-17,10,23,32
384,686676,1384,C,R,24,Hou,Korey,Lee,,,,,,0.49,0.16,0.5,0.16,-4,-6,-10,8,13,23
385,656024,1385,C,R,26,ChA,Carlos,Perez,,,,,,0.49,0.16,0.5,0.16,-3,-6,-10,7,13,22
386,444489,1386,C,R,35,Oak,Manny,Pina,,,,,,0.49,0.18,0.49,0.18,-4,-8,-15,9,17,31
387,681351,1387,C,R,23,LAA,Logan,O'Hoppe,,,,,,0.5,0.16,0.5,0.16,-4,-6,-11,10,14,25
388,681526,1388,C,R,24,Cle,Bryan,Lavastida,,,,,,0.49,0.16,0.5,0.16,-4,-6,-11,9,13,25
389,673237,1389,C,R,24,Hou,Yainer,Diaz,,,,,,0.49,0.16,0.5,0.16,-3,-6,-10,8,13,23
390,666310,1390,C,L,23,Cle,Bo,Naylor,,,,,,0.5,0.17,0.51,0.17,4,6,15,-13,-19,-47
391,666023,1391,C,R,27,KC,Freddy,Fermin,,,,,,0.49,0.17,0.49,0.17,-4,-7,-12,10,15,26
392,664848,1392,C,R,26,Det,Donny,Sands,,,,,,0.49,0.16,0.5,0.16,-3,-6,-10,8,13,23
393,542963,1393,C,L,33,Tor,Rob,Brantly,,,,,,0.49,0.17,0.5,0.17,5,6,16,-15,-20,-49
394,668670,1394,C,R,28,Det,Jake,Rogers,,,,,,0.44,0.17,0.44,0.18,-4,-6,-15,9,12,34
395,666163,1395,C,L,25,NYA,Ben,Rortvedt,,,,,,0.47,0.17,0.47,0.18,5,7,14,-15,-21,-44
396,,1396,C,B,19,LAA,Edgar,Quero,,,,,,0.49,0.16,0.5,0.16,-8,-4,-7,18,11,16
397,693307,1397,C,R,24,Det,Dillon,Dingler,,,,,,0.49,0.16,0.5,0.16,-4,-6,-11,8,14,24
398,695600,1398,C,L,19,KC,Carter,Jensen,,,,,,0.49,0.16,0.5,0.16,4,6,16,-14,-20,-48
399,669224,1399,C,L,23,NYA,Austin,Wells,,,,,,0.49,0.16,0.5,0.16,4,6,16,-14,-20,-48
400,691016,1400,C,L,21,Oak,Tyler,Soderstrom,,,,,,0.49,0.16,0.5,0.16,4,6,16,-14,-20,-48
401,691740,1401,C,R,21,Oak,Daniel(round/1/2022/MLB/draft),Susac,,,,,,0.49,0.16,0.5,0.16,-4,-6,-11,8,14,24
402,695670,1402,C,R,20,Sea,Harry,Ford,,,,,,0.49,0.16,0.5,0.16,-4,-6,-11,8,14,24
403,665489,1403,1B,R,24,Tor,VladimirJr.,Guerrero,1.89,,,,,,,,,2,-2,7,-6,5,-21
404,547989,1404,1B,R,36,Hou,Jose,Abreu,1.81,,,,,,,,,-2,-3,-15,6,10,40
405,663993,1405,1B,L,27,Tex,Nathaniel,Lowe,1.83,,,,,,,,,-3,0,5,8,0,-11
406,605137,1406,1B,B,30,Cle,Josh,Bell,1.82,,,,,,,,,-4,-5,-7,10,12,17
407,664034,1407,1B,R,28,Sea,Ty,France,1.88,,,,,,,,,-4,-4,-9,10,10,20
408,663624,1408,1B,R,26,Bal,Ryan,Mountcastle,1.83,,,,,,,,,-2,-4,-9,6,10,20
409,519203,1409,1B,L,33,NYA,Anthony,Rizzo,1.86,,,,,,,,,-5,-1,-2,14,3,5
410,542583,1410,1B,R,32,Oak,Jesus,Aguilar,1.85,,,,,,,,,1,-4,0,-1,10,0
411,647304,1411,1B,L,25,Cle,Josh,Naylor,1.86,,,,,,,,,12,11,34,-35,-32,-97
412,665120,1412,1B,L,29,LAA,Jared,Walsh,1.85,,,,,,,,,14,17,26,-39,-48,-70
413,623912,1413,1B,R,28,TB,Harold,Ramirez,1.84,,,,2.03,,,,,-8,-12,-14,19,27,33
414,679529,1414,1B,R,23,Det,Spencer,Torkelson,1.86,,,,,,,,,-4,-6,-12,10,13,29
415,474832,1415,1B,L,35,Tor,Brandon,Belt,1.87,,,,,,,,,6,5,23,-19,-15,-74
416,686469,1416,1B,L,25,KC,Vinnie,Pasquantino,1.84,,,,,,,,,2,2,15,-5,-7,-48
417,660294,1417,1B,L,31,Tex,Yoshi,Tsutsugo,1.84,,,,,,,,,2,7,11,-6,-20,-32
418,668472,1418,1B,L,24,KC,Nick,Pratto,1.85,,,,,,,,,3,4,15,-8,-13,-46
419,592567,1419,1B,L,30,Sea,Colin,Moran,1.84,,,,,,,,,8,9,18,-23,-28,-55
420,660650,1420,1B,R,25,Oak,Dermis,Garcia,1.86,,,,,,,,,-2,-3,-8,5,8,18
421,671213,1421,1B,L,23,Bos,Triston,Casas,1.85,,,,,,,,,4,5,18,-12,-16,-56
422,656695,1422,1B,L,27,Hou,J.J.,Matijevic,1.85,,,,,,,,,5,6,16,-15,-19,-51
423,641343,1423,1B,L,27,NYA,Jake,Bauers,1.85,,,,,,,,,2,6,13,-8,-18,-42
424,657108,1424,1B,R,27,Sea,Evan,White,1.85,,,,,,,,,-1,-4,-8,3,10,18
425,,1425,1B,L,27,Oak,Ryan,Noda,1.85,,,,,,,,,4,6,16,-14,-20,-48
426,,1426,1B,R,22,Sea,Tyler(round/2/2022/MLB/draft),Locklear,1.85,,,,,,,,,-4,-6,-11,8,14,24
427,,1427,1B,L,25,Tor,Spencer,Horwitz,1.85,,,,,,,,,4,6,16,-14,-20,-48
428,700932,1428,1B,L,22,TB,Kyle,Manzardo,1.85,,,,,,,,,4,6,16,-14,-20,-48
429,800060,1429,1B,L,19,TB,Xavier(round/1/2022/MLB/draft),Isaac,1.85,,,,,,,,,4,6,16,-14,-20,-48
430,543760,1430,2B,R,32,Tex,Marcus,Semien,,4.34,,,,,,,,0,-3,3,0,8,-6
431,514888,1431,2B,R,32,Hou,Jose,Altuve,,4.22,,,,,,,,-5,-5,-11,12,12,27
432,624428,1432,2B,L,31,Bal,Adam,Frazier,,4.25,,,2.09,,,,,7,9,10,-20,-26,-30
433,650402,1433,2B,R,26,NYA,Gleyber,Torres,,4.3,,,,,,,,-5,-5,-19,11,11,45
434,592273,1434,2B,R,30,LAA,Brandon,Drury,1.85,4.23,2.65,,,,,,,-7,-5,-24,15,12,56
435,643393,1435,2B,L,31,Oak,Tony,Kemp,,4.21,,,2.09,,,,,5,3,14,-17,-11,-48
436,665926,1436,2B,L,24,Cle,Andres,Gimenez,,4.33,,,,,,,,1,2,9,-2,-7,-29
437,593160,1437,2B,R,34,Tor,Whit,Merrifield,,4.28,,,2.11,,,,,-1,-3,-10,2,7,25
438,518934,1438,2B,R,34,NYA,DJ,LeMahieu,1.88,4.27,2.68,,,,,,,-4,-5,-6,8,11,14
439,650859,1439,2B,B,26,LAA,Luis,Rengifo,,4.28,2.68,,,,,,,-12,-9,-20,27,20,45
440,570731,1440,2B,R,31,Det,Jonathan,Schoop,,4.28,,,,,,,,-7,-11,-15,18,26,38
441,543939,1441,2B,L,32,Sea,Kolten,Wong,,4.28,,,,,,,,6,7,21,-17,-22,-63
442,669289,1442,2B,R,28,Tor,Santiago,Espinal,,4.25,,,,,,,,-8,-11,-14,19,25,32
443,593871,1443,2B,B,29,Min,Jorge,Polanco,,4.25,,,,,,,,-5,4,4,10,-8,-9
444,602104,1444,2B,R,28,Bal,Ramon,Urias,,4.24,2.7,,,,,,,3,0,-4,-5,-1,9
445,624503,1445,2B,L,27,Min,Nick,Gordon,,4.26,,,2.13,,,,,7,8,22,-23,-26,-73
446,670623,1446,2B,R,24,TB,Isaac,Paredes,1.86,4.26,2.67,,,,,,,-7,-9,-14,15,20,31
447,649557,1447,2B,R,32,Oak,Aledmys,Diaz,,4.26,,,2.08,,,,,-5,-9,-14,11,19,32
448,544725,1448,2B,B,32,ChA,Leury,Garcia,,4.24,,,2.1,,,,,-6,-2,-4,14,6,10
449,624415,1449,2B,L,28,Tor,Cavan,Biggio,1.85,4.25,,,,,,,,5,7,17,-17,-25,-56
450,624414,1450,2B,R,27,Bos,Christian,Arroyo,,4.28,,,,,,,,-7,-8,-16,16,18,33
451,664040,1451,2B,L,28,TB,Brandon,Lowe,,4.21,,,,,,,,7,12,17,-19,-36,-48
452,600303,1452,2B,L,34,Sea,Tommy,LaStella,,4.18,,,,,,,,4,5,15,-16,-19,-54
453,686681,1453,2B,L,25,KC,Michael,Massey,,4.23,,,,,,,,5,7,14,-16,-23,-43
454,681146,1454,2B,R,27,Oak,Jonah,Bride,,4.23,2.65,,,,,,,-2,-4,-6,5,8,13
455,660644,1455,2B,B,25,TB,Vidal,Brujan,,4.24,,,2.08,,,,,-7,-6,-9,17,13,21
456,663853,1456,2B,R,26,ChA,Romy,Gonzalez,,4.25,,,,,,,,-7,-9,-17,17,21,39
457,679631,1457,2B,L,25,Bal,Terrin,Vavra,,4.25,,,,,,,,5,6,15,-15,-20,-48
458,664029,1458,2B,R,28,Tex,Mark,Mathias,,4.25,,,,,,,,-3,-6,-13,6,12,26
459,666018,1459,2B,L,24,TB,Jonathan,Aranda,,4.25,,,,,,,,4,6,15,-13,-20,-48
460,683021,1460,2B,R,27,LAA,Michael,Stefanic,,4.27,,,,,,,,0,-1,-4,-1,3,8
461,672478,1461,2B,R,22,Oak,Jordan,Diaz,,4.23,,,,,,,,-3,-6,-10,8,13,23
462,592348,1462,2B,B,31,Bos,Niko,Goodrum,,4.25,,,,,,,,-11,-9,-8,25,21,18
463,676625,1463,2B,R,26,Hou,Rylan,Bannon,,4.25,,,,,,,,-4,-6,-11,9,14,24
464,672640,1464,2B,R,24,Tor,Otto,Lopez,,4.25,,,,,,,,-5,-7,-12,11,16,27
465,681393,1465,2B,R,22,Bal,Connor,Norby,,4.25,,,,,,,,-4,-6,-11,8,14,24
466,694377,1466,2B,R,21,Bos,Nick,Yorke,,4.25,,,,,,,,-4,-6,-11,8,14,24
467,,1467,2B,L,24,Bos,Enmanuel,Valdez,,4.25,,,,,,,,4,6,16,-14,-20,-48
468,,1468,2B,B,19,LAA,Adrian,Placencia,,4.25,,,,,,,,-8,-4,-7,18,11,16
469,690291,1469,2B,L,22,Det,Jace(round/1/2022/MLB/draft),Jung,,4.25,,,,,,,,4,6,16,-14,-20,-48
470,,1470,2B,R,24,KC,Samad,Taylor,,4.25,,,,,,,,-4,-6,-11,8,14,24
471,,1471,2B,L,23,Min,Edouard,Julien,,4.25,,,,,,,,4,6,16,-14,-20,-48
472,679822,1472,2B,B,24,Tex,Justin,Foscue,,4.25,,,,,,,,-8,-4,-7,18,11,16
473,,1473,2B,R,20,Tor,Adrian,Pinto,,4.25,,,,,,,,-4,-6,-11,8,14,24
474,608070,1474,3B,B,30,Cle,Jose,Ramirez(Cle),,,2.71,,,,,,,-3,1,6,6,-3,-14
475,608324,1475,3B,R,29,Hou,Alex,Bregman,,,2.65,,,,,,,-1,-5,3,1,11,-7
476,553993,1476,3B,R,31,Sea,Eugenio,Suarez,,,2.63,,,,,,,-3,-5,-5,7,13,13
477,656305,1477,3B,R,30,Tor,Matt,Chapman,,,2.72,,,,,,,-5,-4,-14,12,9,33
478,646240,1478,3B,L,26,Bos,Rafael,Devers,,,2.61,,,,,,,4,8,30,-9,-21,-75
479,650490,1479,3B,R,31,TB,Yandy,Diaz,,,2.59,,,,,,,-7,-6,-18,14,13,39
480,570482,1480,3B,R,31,LAA,Gio,Urshela,,,2.67,,,,,,,-5,-4,-11,11,10,26
481,518626,1481,3B,R,37,NYA,Josh,Donaldson,,,2.69,,,,,,,-3,-6,-17,8,15,42
482,457759,1482,3B,R,38,Bos,Justin,Turner,,,2.62,,,,,,,0,0,-4,0,-1,9
483,641531,1483,3B,R,31,KC,Hunter,Dozier,1.84,,2.58,,2.07,,,,,-3,-8,-3,6,19,8
484,669304,1484,3B,R,24,Min,Jose,Miranda,1.85,,2.62,,,,,,,-3,-5,-17,8,11,39
485,660162,1485,3B,B,27,ChA,Yoan,Moncada,,,2.69,,,,,,,-5,-2,-5,14,4,13
486,666915,1486,3B,R,27,Bos,Bobby,Dalbec,1.84,,2.59,,,,,,,-9,-12,-19,18,24,40
487,607054,1487,3B,L,32,Oak,Jace,Peterson,,,2.69,,,,,,,1,4,13,-4,-16,-46
488,669701,1488,3B,L,25,Tex,JoshH.,Smith(Tex),,,2.67,,2.08,,,,,5,7,13,-18,-24,-41
489,543543,1489,3B,L,33,Tex,Brad,Miller,,,2.64,,2.07,,,,,6,10,15,-21,-36,-52
490,677649,1490,3B,R,23,Tex,Ezequiel,Duran,,,2.64,,,,,,,-3,-5,-13,7,12,32
491,543685,1491,3B,R,32,LAA,Anthony,Rendon,,,2.61,,,,,,,-1,-6,-10,2,14,23
492,669394,1492,3B,R,27,ChA,Jake,Burger,,,2.63,,,,,,,-4,-8,-13,10,19,29
493,663527,1493,3B,R,25,Det,Tyler,Nevin,,,2.63,,,,,,,-6,-9,-18,13,19,39
494,675656,1494,3B,R,26,Oak,Kevin,Smith(Oak),,,2.65,,,,,,,-7,-8,-17,14,18,37
495,683002,1495,3B,L,21,Bal,Gunnar,Henderson,,,2.67,,,,,,,7,8,19,-21,-27,-60
496,673962,1496,3B,R,25,Tex,Josh,Jung,,,2.66,,,,,,,-6,-7,-16,13,16,35
497,669309,1497,3B,R,23,Hou,Joe,Perez,,,2.65,,,,,,,-4,-6,-11,9,14,25
498,691723,1498,3B,R,21,Bal,Coby,Mayo,,,2.65,,,,,,,-4,-6,-11,8,14,24
499,691458,1499,3B,R,20,Bos,Blaze,Jordan,,,2.65,,,,,,,-4,-6,-11,8,14,24
500,695770,1500,3B,L,20,ChA,Wes,Kath,,,2.65,,,,,,,4,6,16,-14,-20,-48
501,682868,1501,3B,R,21,ChA,Bryan,Ramos,,,2.65,,,,,,,-4,-6,-11,8,14,24
502,,1502,3B,L,21,Det,Colt,Keith,,,2.65,,,,,,,4,6,16,-14,-20,-48
503,,1503,3B,R,24,Det,Andre,Lipcius,,,2.65,,,,,,,-4,-6,-11,8,14,24
504,,1504,3B,R,23,Det,Justyn-Henry,Malloy,,,2.65,,,,,,,-4,-6,-11,8,14,24
505,,1505,3B,R,21,KC,Cayden(round/2/2022/MLB/draft),Wallace,,,2.65,,,,,,,-4,-6,-11,8,14,24
506,680869,1506,3B,R,23,Oak,Zack,Gelof,,,2.65,,,,,,,-4,-6,-11,8,14,24
507,678554,1507,3B,R,22,TB,Curtis,Mead,,,2.65,,,,,,,-4,-6,-11,8,14,24
508,666182,1508,SS,R,25,Tor,Bo,Bichette,,,,4.71,,,,,,-2,-6,-8,5,17,23
509,642708,1509,SS,R,27,Cle,Amed,Rosario,,,,4.71,,,,,,-6,-9,-18,14,21,43
510,608369,1510,SS,L,29,Tex,Corey,Seager,,,,4.74,,,,,,3,9,3,-7,-23,-8
511,677951,1511,SS,R,22,KC,Bobby,Witt,,,2.64,4.7,,,,,,0,-2,-9,1,4,24
512,641487,1512,SS,L,28,Sea,J.P.,Crawford,,,,4.77,,,,,,3,7,9,-8,-17,-21
513,595879,1513,SS,R,30,Det,Javier,Baez,,,,4.78,,,,,,-9,-12,-18,23,31,47
514,621043,1514,SS,R,28,Min,Carlos,Correa,,,,4.82,,,,,,-4,-10,-8,8,23,18
515,571657,1515,SS,R,32,Min,Kyle,Farmer,,,2.64,4.7,,,,,,-6,-9,-25,15,24,63
516,665161,1516,SS,R,25,Hou,Jeremy,Pena,,,,4.81,,,,,,-6,-9,-14,14,21,35
517,622761,1517,SS,R,27,Bal,Jorge,Mateo,,,,4.79,,,,,,-1,-2,-6,2,5,13
518,643396,1518,SS,R,28,NYA,Isiah,Kiner-Falefa,,,,4.79,,,,,,2,-1,-1,-5,2,3
519,670032,1519,SS,L,28,KC,Nicky,Lopez,,4.25,2.67,4.78,,,,,,5,7,13,-14,-23,-40
520,670764,1520,SS,B,26,TB,Taylor,Walls,,4.27,2.7,4.81,,,,,,-6,-6,0,13,14,-1
521,641313,1521,SS,R,29,ChA,Tim,Anderson,,,,4.69,,,,,,-5,-7,-13,13,18,34
522,677551,1522,SS,B,22,TB,Wander,Franco,,,,4.82,,,,,,-11,-8,-17,28,20,42
523,623205,1523,SS,B,28,LAA,Andrew,Velazquez,,,,4.79,,,,,,-8,-5,-2,18,12,5
524,669397,1524,SS,R,24,Oak,Nick,Allen,,4.28,,4.78,,,,,,-8,-10,-21,19,22,48
525,643289,1525,SS,R,28,Hou,Mauricio,Dubon,,,,4.74,2.13,,,,,-7,-9,-20,15,20,43
526,664238,1526,SS,R,30,Sea,Dylan,Moore,,,,4.71,2.11,,,,,-6,-13,-11,11,23,22
527,664058,1527,SS,R,28,LAA,David,Fletcher,,4.3,,4.75,,,,,,-9,-13,-16,20,28,37
528,671289,1528,SS,R,23,Cle,Tyler,Freeman,,,,4.75,,,,,,-4,-6,-10,9,13,23
529,668952,1529,SS,R,25,Det,Ryan,Kreidler,,,,4.75,,,,,,-5,-7,-14,11,16,31
530,670869,1530,SS,L,22,LAA,Livan,Soto,,,,4.75,,,,,,6,8,17,-18,-26,-50
531,672724,1531,SS,R,22,NYA,Oswald,Peraza,,,,4.75,,,,,,-2,-7,-8,6,15,19
532,672356,1532,SS,R,23,Cle,Gabriel,Arias,,,,4.75,,,,,,-3,-4,-9,6,10,21
533,609275,1533,SS,B,27,Bos,Adalberto,Mondesi,,,,4.73,,,,,,-7,-4,-9,17,9,22
534,672820,1534,SS,R,23,ChA,Lenyn,Sosa,,,,4.75,,,,,,-3,-5,-9,7,12,21
535,682073,1535,SS,R,27,Hou,David,Hensley,,,,4.75,,,,,,-4,-7,-9,9,16,20
536,672580,1536,SS,R,23,KC,Maikel,Garcia,,,,4.75,,,,,,-5,-7,-13,12,16,29
537,670097,1537,SS,R,27,Det,Zack,Short,,,,4.75,,,,,,0,-5,-7,0,11,14
538,676059,1538,SS,R,24,Bal,Jordan,Westburg,,,,4.75,,,,,,-4,-6,-11,8,14,24
539,702616,1539,SS,L,19,Bal,Jackson(round/1/2022/MLB/draft),Holliday,,,,4.75,,,,,,4,6,16,-14,-20,-48
540,,1540,SS,R,24,Bal,Joey,Ortiz,,,,4.75,,,,,,-4,-6,-11,8,14,24
541,691785,1541,SS,L,20,Bos,Marcelo,Mayer,,,,4.75,,,,,,4,6,16,-14,-20,-48
542,683090,1542,SS,R,21,Bos,Matthew,Lugo,,,,4.75,,,,,,-4,-6,-11,8,14,24
543,702540,1543,SS,L,19,Bos,Mikey(round/1/2022/MLB/draft),Romero,,,,4.75,,,,,,4,6,16,-14,-20,-48
544,,1544,SS,R,19,Bos,Cutter(round/2/2022/MLB/draft),Coffey,,,,4.75,,,,,,-4,-6,-11,8,14,24
545,677347,1545,SS,R,21,LAA,Kyren,Paris,,,,4.75,,,,,,-4,-6,-11,8,14,24
546,669236,1546,SS,R,23,LAA,Jeremiah,Jackson,,,,4.75,,,,,,-4,-6,-11,8,14,24
547,,1547,SS,R,19,LAA,Denzer,Guzman,,,,4.75,,,,,,-4,-6,-11,8,14,24
548,687263,1548,SS,R,22,LAA,Zach(round/1/2022/MLB/draft),Neto,,,,4.75,,,,,,-4,-6,-11,8,14,24
549,679563,1549,SS,R,22,ChA,Jose,Rodriguez(ChA),,,,4.75,,,,,,-4,-6,-11,8,14,24
550,695657,1550,SS,L,21,ChA,Colson,Montgomery,,,,4.75,,,,,,4,6,16,-14,-20,-48
551,677587,1551,SS,B,22,Cle,Brayan,Rocchio,,,,4.75,,,,,,-8,-4,-7,18,11,16
552,682657,1552,SS,B,21,Cle,Angel,Martinez,,,,4.75,,,,,,-8,-4,-7,18,11,16
553,677588,1553,SS,L,22,Cle,Jose,Tena,,,,4.75,,,,,,4,6,16,-14,-20,-48
554,694184,1554,SS,R,19,Det,Cristian,Santana(Det),,,,4.75,,,,,,-4,-6,-11,8,14,24
555,691789,1555,SS,L,20,Det,Izaac,Pacheco,,,,4.75,,,,,,4,6,16,-14,-20,-48
556,,1556,SS,R,22,Det,Peyton(round/2/2022/MLB/draft),Graham,,,,4.75,,,,,,-4,-6,-11,8,14,24
557,679845,1557,SS,R,24,KC,Nick,Loftin,,,,4.75,,,,,,-4,-6,-11,8,14,24
558,668885,1558,SS,R,24,Min,Austin,Martin,,,,4.75,,,,,,-4,-6,-11,8,14,24
559,686797,1559,SS,B,22,Min,Brooks(round/1/2022/MLB/draft),Lee,,,,4.75,,,,,,-8,-4,-7,18,11,16
560,691191,1560,SS,B,19,Min,Jose,Salas,,,,4.75,,,,,,-8,-4,-7,18,11,16
561,683011,1561,SS,R,21,NYA,Anthony,Volpe,,,,4.75,,,,,,-4,-6,-11,8,14,24
562,700242,1562,SS,L,22,NYA,Trey,Sweeney,,,,4.75,,,,,,4,6,16,-14,-20,-48
563,703149,1563,SS,B,18,NYA,Roderick,Arias,,,,4.75,,,,,,-8,-4,-7,18,11,16
564,691777,1564,SS,R,20,Oak,Max,Muncy(Oak),,,,4.75,,,,,,-4,-6,-11,8,14,24
565,,1565,SS,R,21,Oak,Darell,Hernaiz,,,,4.75,,,,,,-4,-6,-11,8,14,24
566,702284,1566,SS,L,19,Sea,Cole(round/1/2022/MLB/draft),Young,,,,4.75,,,,,,4,6,16,-14,-20,-48
567,682668,1567,SS,R,21,Tex,Jose,Acuna,,,,4.75,,,,,,-4,-6,-11,8,14,24
568,682619,1568,SS,R,21,Tor,Orelvis,Martinez,,,,4.75,,,,,,-4,-6,-11,8,14,24
569,,1569,SS,R,19,Tor,Manuel,Beltre,,,,4.75,,,,,,-4,-6,-11,8,14,24
570,,1570,SS,R,22,Tor,Leo,Jimenez,,,,4.75,,,,,,-4,-6,-11,8,14,24
571,,1571,SS,R,22,Tor,Josh(round/2/2022/MLB/draft),Kasevich,,,,4.75,,,,,,-4,-6,-11,8,14,24
572,,1572,SS,L,23,Tor,Addison,Barger,,,,4.75,,,,,,4,6,16,-14,-20,-48
573,675659,1573,SS,B,25,TB,Greg,Jones,,,,4.75,,,,,,-8,-4,-7,18,11,16
574,694181,1574,SS,L,19,TB,Carlos,Colmenarez,,,,4.75,,,,,,4,6,16,-14,-20,-48
575,700246,1575,SS,R,19,TB,Carson,Williams,,,,4.75,,,,,,-4,-6,-11,8,14,24
576,691938,1576,SS,R,21,TB,Willy,Vasquez,,,,4.75,,,,,,-4,-6,-11,8,14,24
577,,1577,SS,R,22,TB,Osleivis,Basabe,,,,4.75,,,,,,-4,-6,-11,8,14,24
578,592450,1578,OF,R,31,NYA,Aaron,Judge,,,,,2.12,,,,,1,0,-1,-2,1,4
579,656775,1579,OF,L,28,Bal,Cedric,Mullins,,,,,2.19,,,,,8,11,23,-19,-28,-56
580,666969,1580,OF,R,30,Tex,Adolis,Garcia,,,,,2.15,,,,,1,-1,-2,-2,3,4
581,668227,1581,OF,R,28,TB,Randy,Arozarena,,,,,2.08,,,,,-9,-12,-22,22,28,53
582,623993,1582,OF,B,28,Bal,Anthony,Santander,,,,,2.03,,,,,-11,-9,-10,25,20,24
583,657077,1583,OF,L,26,Bos,Alex,Verdugo,,,,,2.08,,,,,9,12,26,-24,-32,-71
584,680757,1584,OF,L,25,Cle,Steven,Kwan,,,,,2.13,,,,,5,9,19,-14,-30,-58
585,663656,1585,OF,L,26,Hou,Kyle,Tucker,,,,,2.11,,,,,6,11,5,-13,-26,-11
586,664702,1586,OF,R,28,Cle,Myles,Straw,,,,,2.24,,,,,-3,-4,-4,7,9,8
587,669720,1587,OF,R,27,Bal,Austin,Hays,,,,,2.11,,,,,-8,-9,-16,18,20,35
588,543807,1588,OF,R,33,Tor,George,Springer,,,,,2.13,,,,,-2,-5,-3,4,11,8
589,621493,1589,OF,R,29,LAA,Taylor,Ward,,,,,2.06,,,,,-3,-7,-1,8,15,1
590,677594,1590,OF,R,22,Sea,Julio,Rodriguez(Sea),,,,,2.17,,,,,-1,-6,-3,3,14,7
591,670541,1591,OF,L,25,Hou,Yordan,Alvarez,,,,,2.04,,,,,-1,1,6,3,-2,-13
592,664913,1592,OF,L,30,Oak,Seth,Brown,1.85,,,,2.1,,,,,6,7,21,-23,-28,-80
593,683734,1593,OF,R,25,ChA,Andrew,Vaughn,1.84,,,,2.03,,,,,-7,-13,-14,17,32,35
594,606192,1594,OF,R,30,Sea,Teoscar,Hernandez,,,,,2.08,,,,,-8,-9,-27,21,24,75
595,572041,1595,OF,R,35,Sea,AJ,Pollock,,,,,2.1,,,,,-5,-6,-24,12,14,57
596,592669,1596,OF,R,31,LAA,Hunter,Renfroe,,,,,2.08,,,,,-4,-12,-8,10,26,19
597,643217,1597,OF,L,28,ChA,Andrew,Benintendi,,,,,2.11,,,,,2,5,14,-7,-14,-38
598,545361,1598,OF,R,31,LAA,Mike,Trout,,,,,2.13,,,,,-3,-9,2,7,21,-5
599,572191,1599,OF,R,32,Min,MichaelA.,Taylor,,,,,2.23,,,,,-5,-8,-14,13,19,32
600,543305,1600,OF,B,33,NYA,Aaron,Hicks,,,,,2.11,,,,,-8,-2,-11,20,5,26
601,519317,1601,OF,R,33,NYA,Giancarlo,Stanton,,,,,2,,,,,-1,-4,1,1,10,-3
602,596146,1602,OF,L,30,Min,Max,Kepler,,,,,2.09,,,,,6,8,21,-17,-24,-61
603,682985,1603,OF,L,22,Det,Riley,Greene,,,,,2.14,,,,,-1,2,10,2,-7,-29
604,608336,1604,OF,L,29,Min,Joey,Gallo,,,,,2.07,,,,,5,7,17,-14,-20,-48
605,657757,1605,OF,L,27,ChA,Gavin,Sheets,,,,,2.06,,,,,7,7,22,-26,-27,-84
606,676801,1606,OF,R,28,Hou,Chas,Mccormick,,,,,2.12,,,,,-9,-10,-21,20,24,50
607,673357,1607,OF,R,25,ChA,Luis,Robert,,,,,2.16,,,,,-7,-11,-19,19,28,50
608,571771,1608,OF,R,31,Bos,Kike(Enrique),Hernandez,,,,,2.16,,,,,-4,-12,-19,9,25,43
609,657656,1609,OF,R,28,Oak,Ramon,Laureano,,,,,2.12,,,,,-8,-12,-10,18,27,23
610,621439,1610,OF,R,29,Min,Byron,Buxton,,,,,2.2,,,,,-6,-7,-12,14,16,28
611,660757,1611,OF,R,25,Cle,Oscar,Gonzalez,,,,,2.09,,,,,0,-2,-7,1,5,15
612,622534,1612,OF,R,28,TB,Manuel,Margot,,,,,2.11,,,,,-8,-13,-15,18,26,31
613,663837,1613,OF,R,26,Det,Matt,Vierling,,,,,2.12,,,,,-10,-10,-14,20,21,29
614,665482,1614,OF,R,24,Min,Gilberto,Celestino,,,,,2.14,,,,,2,1,-4,-3,-1,8
615,665750,1615,OF,B,24,Tex,Leody,Taveras,,,,,2.14,,,,,-6,-4,-3,15,10,7
616,642350,1616,OF,R,27,TB,Jose,Siri,,,,,2.19,,,,,0,-4,-4,0,9,10
617,650391,1617,OF,R,26,ChA,Eloy,Jimenez,,,,,2.05,,,,,1,-2,0,-2,6,1
618,594807,1618,OF,R,34,Bos,Adam,Duvall,,,,,2.12,,,,,0,-3,-2,-1,8,5
619,664056,1619,OF,R,28,NYA,Harrison,Bader,,,,,2.22,,,,,1,-2,-4,-1,6,12
620,666176,1620,OF,R,24,LAA,Jo,Adell,,,,,2.08,,,,,-1,-2,-8,2,4,16
621,488726,1621,OF,L,35,Hou,Michael,Brantley,,,,,2.06,,,,,11,15,26,-29,-39,-67
622,664728,1622,OF,L,26,KC,Kyle,Isbel,,,,,2.12,,,,,3,4,16,-10,-13,-52
623,665506,1623,OF,R,24,Oak,Cristian,Pache,,,,,2.15,,,,,-7,-10,-16,16,22,37
624,668731,1624,OF,L,24,Det,Akil,Baddoo,,,,,2.11,,,,,5,8,23,-16,-25,-72
625,680776,1625,OF,L,26,Bos,Jarren,Duran,,,,,2.12,,,,,5,7,19,-16,-22,-59
626,595281,1626,OF,L,33,Tor,Kevin,Kiermaier,,,,,2.17,,,,,1,5,16,-4,-14,-46
627,621433,1627,OF,L,28,LAA,Brett,Phillips,,,,,2.12,,,,,11,13,30,-35,-40,-93
628,669450,1628,OF,B,28,Sea,Cooper,Hummel,,,,,2.05,,,,,-4,-1,-2,9,1,4
629,664059,1629,OF,B,28,Sea,Sam,Haggerty,,,,,2.1,,,,,-11,-10,-19,25,23,44
630,666139,1630,OF,L,25,TB,Josh,Lowe,,,,,2.1,,,,,9,10,23,-27,-30,-70
631,672284,1631,OF,L,23,Sea,Jarred,Kelenic,,,,,2.12,,,,,7,10,27,-19,-27,-70
632,669352,1632,OF,R,24,Tex,Bubba,Thompson,,,,,2.1,,,,,0,-3,-7,-1,7,16
633,663616,1633,OF,L,26,Min,Trevor,Larnach,,,,,2.08,,,,,5,8,18,-13,-24,-51
634,608701,1634,OF,R,32,Bos,Rob,Refsnyder,,,,,2.1,,,,,-10,-12,-18,20,25,37
635,658668,1635,OF,R,27,KC,Edward,Olivares,,,,,2.07,,,,,-1,-4,-10,3,9,23
636,663630,1636,OF,R,26,Bal,Ryan,McKenna,,,,,2.11,,,,,-2,-3,-9,3,7,18
637,665828,1637,OF,B,24,NYA,Oswaldo,Cabrera,,,,,2.08,,,,,-8,-5,-4,19,12,11
638,664247,1638,OF,R,31,Min,Kyle,Garlick,,,,,2.08,,,,,-6,-6,-22,11,11,43
639,676694,1639,OF,R,26,Hou,Jake,Meyers,,,,,2.19,,,,,-6,-6,-15,14,12,33
640,666135,1640,OF,L,25,Min,Alex,Kirilloff,,,,,2.05,,,,,4,5,13,-11,-14,-39
641,640457,1641,OF,L,27,Det,Austin,Meadows,,,,,2.06,,,,,8,11,30,-22,-30,-83
642,676632,1642,OF,L,27,Hou,Bligh,Madris,,,,,2.08,,,,,3,6,13,-11,-20,-42
643,680700,1643,OF,L,25,Cle,Richie,Palacios,,,,,2.07,,,,,4,4,12,-14,-14,-41
644,681987,1644,OF,R,26,KC,Nate,Eaton,,,,,2.09,,,,,-4,-6,-14,10,14,33
645,666211,1645,OF,L,25,Sea,Taylor,Trammell,,,,,2.1,,,,,9,10,25,-26,-30,-74
646,681481,1646,OF,L,25,Det,Kerry,Carpenter,,,,,2.07,,,,,5,7,18,-15,-23,-54
647,666160,1647,OF,L,24,LAA,Mickey,Moniak,,,,,2.12,,,,,5,7,17,-16,-22,-54
648,671221,1648,OF,B,24,KC,Drew,Waters,,,,,2.11,,,,,-7,-2,-7,16,5,17
649,669065,1649,OF,L,25,Bal,Kyle,Stowers,,,,,2.07,,,,,4,5,12,-13,-17,-39
650,665155,1650,OF,L,26,Det,Nick,Maton,,,,,2.08,,,,,1,4,10,-4,-12,-30
651,545350,1651,OF,R,32,ChA,Jake,Marisnick,,,,,2.13,,,,,-3,-5,-9,5,9,19
652,670042,1652,OF,L,28,TB,Luke,Raley,,,,,2.07,,,,,6,7,17,-18,-23,-53
653,670276,1653,OF,L,26,Oak,Cal,Stevenson,,,,,2.14,,,,,3,6,13,-11,-19,-42
654,670242,1654,OF,L,25,Min,Matt,Wallner,,,,,2.08,,,,,6,8,18,-18,-25,-56
655,666181,1655,OF,L,24,Cle,Will,Benson,,,,,2.12,,,,,5,6,14,-15,-18,-45
656,668843,1656,OF,L,25,Oak,Conner,Capel,,,,,2.08,,,,,5,5,16,-14,-17,-52
657,686823,1657,OF,L,25,Cle,Will,Brennan,,,,,2.09,,,,,6,8,17,-18,-24,-54
658,667670,1658,OF,R,28,Oak,Brent,Rooker,,,,,2.06,,,,,-3,-6,-6,7,14,13
659,665923,1659,OF,R,24,Oak,Esteury,Ruiz,,,,,2.1,,,,,-3,-6,-9,7,12,19
660,664314,1660,OF,L,25,NYA,Estevan,Florial,,,,,2.14,,,,,5,6,16,-14,-18,-50
661,677008,1661,OF,L,24,Bal,Heston,Kjerstad,,,,,2.1,,,,,4,6,16,-14,-20,-48
662,681297,1662,OF,L,23,Bal,Colton,Cowser,,,,,2.1,,,,,4,6,16,-14,-20,-48
663,,1663,OF,L,22,Bal,Dylan(round/1C/2022/MLB/draft),Beavers,,,,,2.1,,,,,4,6,16,-14,-20,-48
664,,1664,OF,R,19,Bos,Miguel,Bleis,,,,,2.1,,,,,-4,-6,-11,8,14,24
665,,1665,OF,R,22,Bos,Ceddanne,Rafaela,,,,,2.1,,,,,-4,-6,-11,8,14,24
666,,1666,OF,L,29,Bos,Masataka,Yoshida,,,,,2.1,,,,,4,6,16,-14,-20,-48
667,677941,1667,OF,R,23,LAA,Jordyn,Adams,,,,,2.1,,,,,-4,-6,-11,8,14,24
668,673461,1668,OF,R,25,ChA,Yoelqui,Cespedes,,,,,2.1,,,,,-4,-6,-11,8,14,24
669,693049,1669,OF,L,24,ChA,Oscar,Colas,,,,,2.1,,,,,4,6,16,-14,-20,-48
670,678877,1670,OF,R,21,Cle,Jhonkensy,Noel,,,,,2.1,,,,,-4,-6,-11,8,14,24
671,671655,1671,OF,L,22,Cle,George,Valera,,,,,2.1,,,,,4,6,16,-14,-20,-48
672,800050,1672,OF,L,22,Cle,Chase(round/1/2022/MLB/draft),DeLauter,,,,,2.1,,,,,4,6,16,-14,-20,-48
673,691449,1673,OF,R,20,Det,Roberto,Campos,,,,,2.1,,,,,-4,-6,-11,8,14,24
674,678009,1674,OF,L,23,Det,Parker,Meadows,,,,,2.1,,,,,4,6,16,-14,-20,-48
675,688457,1675,OF,L,22,KC,Gavin(round/1/2022/MLB/draft),Cross,,,,,2.1,,,,,4,6,16,-14,-20,-48
676,,1676,OF,R,24,KC,Tyler,Gentry,,,,,2.1,,,,,-4,-6,-11,8,14,24
677,682618,1677,OF,R,21,Min,Misael,Urbina,,,,,2.1,,,,,-4,-6,-11,8,14,24
678,691181,1678,OF,L,20,Min,Emmanuel,Rodriguez,,,,,2.1,,,,,4,6,16,-14,-20,-48
679,691176,1679,OF,B,20,NYA,Jasson,Dominguez,,,,,2.1,,,,,-8,-4,-7,18,11,16
680,677592,1680,OF,R,22,NYA,Everson,Pereira,,,,,2.1,,,,,-4,-6,-11,8,14,24
681,682987,1681,OF,L,21,NYA,Spencer(round/1/2022/MLB/draft),Jones,,,,,2.1,,,,,4,6,16,-14,-20,-48
682,676113,1682,OF,L,24,Sea,Zach,DeLoach,,,,,2.1,,,,,4,6,16,-14,-20,-48
683,703155,1683,OF,L,18,Sea,Lazaro,Montes,,,,,2.1,,,,,4,6,16,-14,-20,-48
684,665832,1684,OF,R,19,Sea,Gabriel,Gonzalez,,,,,2.1,,,,,-4,-6,-11,8,14,24
685,682729,1685,OF,L,20,Sea,Jonaton,Clase,,,,,2.1,,,,,4,6,16,-14,-20,-48
686,657089,1686,OF,R,27,Sea,Logan,Warmoth,,,,,2.1,,,,,-4,-6,-11,8,14,24
687,,1687,OF,L,25,Sea,Cade,Marlowe,,,,,2.1,,,,,4,6,16,-14,-20,-48
688,,1688,OF,L,22,Sea,Alberto,Rodriguez,,,,,2.1,,,,,4,6,16,-14,-20,-48
689,687957,1689,OF,L,23,Tex,Dustin,Harris,,,,,2.1,,,,,4,6,16,-14,-20,-48
690,694497,1690,OF,L,20,Tex,Evan,Carter,,,,,2.1,,,,,4,6,16,-14,-20,-48
691,,1691,OF,R,18,Tex,Anthony,Gutierrez,,,,,2.1,,,,,-4,-6,-11,8,14,24
692,,1692,OF,R,20,Tor,Gabriel,Martinez,,,,,2.1,,,,,-4,-6,-11,8,14,24
693,,1693,OF,R,21,Tor,Dasan,Brown,,,,,2.1,,,,,-4,-6,-11,8,14,24
694,694175,1694,OF,R,24,Hou,Pedro,Leon,,,,,2.1,,,,,-4,-6,-11,8,14,24
695,,1695,OF,L,22,Hou,Colin,Barber,,,,,2.1,,,,,4,6,16,-14,-20,-48
696,687551,1696,OF,L,22,Hou,Drew(round/1/2022/MLB/draft),Gilbert,,,,,2.1,,,,,4,6,16,-14,-20,-48
697,,1697,OF,L,22,Hou,Jacob(round/2/2022/MLB/draft),Melton,,,,,2.1,,,,,4,6,16,-14,-20,-48
698,,1698,OF,L,22,TB,Brock(round/2/2022/MLB/draft),Jones,,,,,2.1,,,,,4,6,16,-14,-20,-48
699,,1699,OF,R,22,TB,Shane,Sasaki,,,,,2.1,,,,,-4,-6,-11,8,14,24
700,,1700,OF,R,22,TB,Mason,Auer,,,,,2.1,,,,,-4,-6,-11,8,14,24
701,660271,1701,DH,L,28,LAA,Shohei,Ohtani-H,,,,,,,,,,2,8,5,-5,-20,-12
702,408234,1702,DH,R,40,Det,Miguel,Cabrera,,,,,,,,,,-5,-10,-6,13,24,15
703,596115,1703,2B,R,30,Bos,Trevor(out/until/July?),Story,,4.26,,,,,,,,-7,-8,-23,18,20,57
704,521230,1704,SR,R,34,ChA,Liam(illness/out/until/5-23?),Hendriks,,,,,,,,,,,,,,,
705,547943,1705,P,L,36,Tor,Hyun-Jin(out/until/7-23?),Ryu,,,,,,,,,,,,,,,
706,669358,1706,P,R,23,TB,Shane(out/2023),Baz,,,,,,,,,,,,,,,
707,669373,1707,P,L,26,Det,Tarik(out/until/6-23?),Skubal,,,,,,,,,,,,,,,
708,663978,1708,P,R,27,Min,Chris(out/until/9-23?),Paddack,,,,,,,,,,,,,,,
709,663554,1709,P,R,25,Det,Casey(out/until/9-23?),Mize,,,,,,,,,,,,,,,
710,661563,1710,P,R,24,NYA,Luis(out/until/7-23?),Gil,,,,,,,,,,,,,,,
711,664123,1711,SR,R,29,NYA,Scott(out/2023),Effross,,,,,,,,,,,,,,,
712,676979,1712,SR,L,23,ChA,Garrett(out/until/6-23?),Crochet,,,,,,,,,,,,,,,
713,668904,1713,SS,R,23,Min,Royce(out/until/7-23?),Lewis,,,,4.75,,,,,,-4,-7,-10,9,16,24
714,701648,1714,OF,L,22,Tex,Aaron(out/until/6-23?),Zavala,,,,,2.1,,,,,4,6,16,-14,-20,-48
715,670867,1715,3B,B,23,LAA,Kevin,Maitan,,,2.65,,,,,,,-8,-4,-7,18,11,16
716,614173,1716,OF,L,28,Bal,Franchy,Cordero,1.85,,,,2.07,,,,,4,5,13,-15,-18,-47
717,,1717,P,R,22,Oak,Royber,Salinas,,,,,,,,,,,,,,,
718,681520,1718,P,L,23,Tex,Antoine,Kelly,,,,,,,,,,,,,,,
719,,1719,3B,R,19,TB,Junior,Caminero,,,2.65,,,,,,,-4,-6,-11,8,14,24
720,691179,1720,OF,L,20,KC,Erick,Pena,,,,,2.1,,,,,4,6,16,-14,-20,-48
721,,1721,SS,B,22,Det,Luis(SS),Garcia(Det),,,,4.75,,,,,,-8,-4,-7,18,11,16
722,691188,1722,SS,B,20,Oak,Robert,Puason,,,,4.75,,,,,,-8,-4,-7,18,11,16
724,,1724,P,R,18,Sea,Walter,Ford,,,,,,,,,,,,,,,
725,660613,1725,C,R,25,Bos,Ronaldo,Hernandez,,,,,,0.49,0.16,0.5,0.16,-4,-6,-11,8,14,24
726,669386,1726,OF,L,24,Tex,Trevor,Hauver,,,,,2.1,,,,,4,6,16,-14,-20,-48
727,,1727,OF,L,19,Tex,Yeison,Morrobel,,,,,2.1,,,,,4,6,16,-14,-20,-48
1001,645261,1,P,R,27,Mia,Sandy,Alcantara,,,,,,,,,,,,,,,
1002,605400,2,P,R,29,Phi,Aaron,Nola,,,,,,,,,,,,,,,
1003,571945,3,P,R,34,StL,Miles,Mikolas,,,,,,,,,,,,,,,
1004,669203,4,P,R,28,Mil,Corbin,Burnes,,,,,,,,,,,,,,,
1005,518876,5,P,R,34,Ari,Merrill,Kelly,,,,,,,,,,,,,,,
1006,506433,6,P,R,36,SD,Yu,Darvish,,,,,,,,,,,,,,,
1007,657277,7,P,R,26,SF,Logan,Webb,,,,,,,,,,,,,,,
1008,425794,8,P,R,41,StL,Adam,Wainwright,,,,,,,,,,,,,,,
1009,608331,9,P,L,29,Atl,Max,Fried,,,,,,,,,,,,,,,
1010,668678,10,P,R,27,Ari,Zac,Gallen,,,,,,,,,,,,,,,
1011,608566,11,P,R,28,Col,German,Marquez,,,,,,,,,,,,,,,
1012,605397,12,P,R,30,SD,Joe,Musgrove,,,,,,,,,,,,,,,
1013,657140,13,P,R,27,Atl,Kyle,Wright,,,,,,,,,,,,,,,
1014,656756,14,P,L,30,StL,Jordan,Montgomery,,,,,,,,,,,,,,,
1015,592791,15,P,R,31,ChN,Jameson,Taillon,,,,,,,,,,,,,,,
1016,434378,16,P,R,40,NYN,Justin,Verlander,,,,,,,,,,,,,,,
1017,628711,17,P,L,26,LAD,Julio,Urias,,,,,,,,,,,,,,,
1018,607536,18,P,L,29,Col,Kyle,Freeland,,,,,,,,,,,,,,,
1019,450203,19,P,R,39,Atl,Charlie,Morton,,,,,,,,,,,,,,,
1020,500779,20,P,L,34,NYN,Jose,Quintana,,,,,,,,,,,,,,,
1021,656605,21,P,R,27,Pit,Mitch,Keller,,,,,,,,,,,,,,,
1022,518516,22,P,L,33,Ari,Madison,Bumgarner,,,,,,,,,,,,,,,
1023,641778,23,P,L,27,Mil,Eric,Lauer,,,,,,,,,,,,,,,
1024,456501,24,P,R,37,Mia,Johnny,Cueto,,,,,,,,,,,,,,,
1025,640455,25,P,L,31,SF,Sean,Manaea,,,,,,,,,,,,,,,
1026,592836,26,P,R,30,Phi,Taijuan,Walker,,,,,,,,,,,,,,,
1027,624133,27,P,L,27,Phi,Ranger,Suarez,,,,,,,,,,,,,,,
1028,605540,28,P,R,30,Mil,Brandon,Woodruff,,,,,,,,,,,,,,,
1029,554430,29,P,R,32,Phi,Zack,Wheeler,,,,,,,,,,,,,,,
1030,571578,30,P,L,33,Was,Patrick,Corbin,,,,,,,,,,,,,,,
1031,471911,31,P,R,36,NYN,Carlos,Carrasco,,,,,,,,,,,,,,,
1032,502171,32,P,R,35,SF,Alex,Cobb,,,,,,,,,,,,,,,
1033,680686,33,P,R,25,Was,Josiah,Gray,,,,,,,,,,,,,,,
1034,453286,34,P,R,38,NYN,Max,Scherzer,,,,,,,,,,,,,,,
1035,664141,35,P,R,29,Pit,JT,Brubaker,,,,,,,,,,,,,,,
1036,641712,36,P,R,28,StL,Dakota,Hudson,,,,,,,,,,,,,,,
1037,573186,37,P,R,31,ChN,Marcus,Stroman,,,,,,,,,,,,,,,
1038,592789,38,P,R,30,LAD,Noah,Syndergaard,,,,,,,,,,,,,,,
1039,605200,39,P,R,30,Ari,Zach,Davies,,,,,,,,,,,,,,,
1040,548389,40,P,R,33,SF,Ross,Stripling,,,,,,,,,,,,,,,
1041,675911,41,P,R,24,Atl,Spencer,Strider,,,,,,,,,,,,,,,
1042,622072,42,P,L,32,SF,Alex,Wood,,,,,,,,,,,,,,,
1043,664062,43,P,R,28,LAD,Tony,Gonsolin,,,,,,,,,,,,,,,
1044,605483,44,P,L,30,SD,Blake,Snell,,,,,,,,,,,,,,,
1045,477132,45,P,L,35,LAD,Clayton,Kershaw,,,,,,,,,,,,,,,
1046,668881,46,P,R,23,Cin,Hunter,Greene,,,,,,,,,,,,,,,
1047,596295,47,P,L,29,Col,Austin,Gomber,,,,,,,,,,,,,,,
1048,448179,48,P,L,43,Pit,Rich,Hill,,,,,,,,,,,,,,,
1049,657006,49,P,L,27,ChN,Justin,Steele,,,,,,,,,,,,,,,
1050,669060,50,P,R,25,Mil,Bryse,Wilson,,,,,,,,,,,,,,,
1051,624522,51,P,R,28,ChN,Keegan,Thompson,,,,,,,,,,,,,,,
1052,502179,52,P,R,36,Was,Paolo,Espino,,,,,,,,,,,,,,,
1053,596001,53,P,R,30,SF,Jakob,Junis,,,,,,,,,,,,,,,
1054,666120,54,P,R,24,Atl,Ian,Anderson,,,,,,,,,,,,,,,
1055,669467,55,P,R,24,StL,Andre,Pallante,,,,,,,,,,,,,,,
1056,676879,56,P,L,24,Mil,Aaron,Ashby,,,,,,,,,,,,,,,
1057,669432,57,P,L,25,Mia,Trevor,Rogers,,,,,,,,,,,,,,,
1058,592767,58,P,L,33,ChN,Drew,Smyly,,,,,,,,,,,,,,,
1059,607259,59,P,R,32,SD,Nick,Martinez,,,,,,,,,,,,,,,
1060,656849,60,P,L,27,NYN,David,Peterson,,,,,,,,,,,,,,,
1061,668933,61,P,R,25,Cin,Graham,Ashcraft,,,,,,,,,,,,,,,
1062,592716,62,P,R,31,ChN,Adrian,Sampson,,,,,,,,,,,,,,,
1063,666157,63,P,L,25,Cin,Nick,Lodolo,,,,,,,,,,,,,,,
1064,605288,64,P,R,30,Mil,Adrian,Houser,,,,,,,,,,,,,,,
1065,666200,65,P,L,25,Mia,Jesus,Luzardo,,,,,,,,,,,,,,,
1066,663372,66,P,R,26,Col,Ryan,Feltner,,,,,,,,,,,,,,,
1067,570632,67,P,R,31,Col,Jose,Urena,,,,,,,,,,,,,,,
1068,672710,68,P,R,23,Pit,Roansy,Contreras,,,,,,,,,,,,,,,
1069,622608,69,P,R,28,Col,Antonio,Senzatela,,,,,,,,,,,,,,,
1070,592866,70,P,R,31,Was,Trevor,Williams,,,,,,,,,,,,,,,
1071,666129,71,P,L,25,Mia,Braxton,Garrett,,,,,,,,,,,,,,,
1072,541640,72,P,R,32,Was,Erasmo,Ramirez,,,,,,,,,,,,,,,
1073,543294,73,P,R,33,ChN,Kyle,Hendricks,,,,,,,,,,,,,,,
1074,663559,74,P,L,25,Phi,Bailey,Falter,,,,,,,,,,,,,,,
1075,570666,75,P,R,31,Cin,Luis,Cessa,,,,,,,,,,,,,,,
1076,642547,76,P,R,26,Mil,Freddy,Peralta,,,,,,,,,,,,,,,
1077,592826,77,P,R,30,Pit,Vince,Velasquez,,,,,,,,,,,,,,,
1078,608328,78,P,R,29,Pit,Chase,DeJong,,,,,,,,,,,,,,,
1079,665795,79,P,R,25,Mia,Edward,Cabrera,,,,,,,,,,,,,,,
1080,669920,80,P,R,30,Mil,Jason,Alexander,,,,,,,,,,,,,,,
1081,669022,81,P,L,24,Was,MacKenzie,Gore,,,,,,,,,,,,,,,
1082,656793,82,P,R,27,Phi,Nick,Nelson,,,,,,,,,,,,,,,
1083,605154,83,P,R,32,SF,John,Brebbia,,,,,,,,,,,,,,,
1084,622503,84,P,R,28,SD,Nabil,Crismatt,,,,,,,,,,,,,,,
1085,672851,85,P,R,24,Was,Joan,Adon,,,,,,,,,,,,,,,
1086,622694,86,P,R,27,NYN,Elieser,Hernandez,,,,,,,,,,,,,,,
1087,663855,87,P,R,26,StL,Jordan,Hicks,,,,,,,,,,,,,,,
1088,665665,88,P,L,27,Cin,Reiver,Sanmartin,,,,,,,,,,,,,,,
1089,670912,89,P,R,25,Pit,Johan,Oviedo,,,,,,,,,,,,,,,
1090,606303,90,P,R,29,Mil,Joel,Payamps,,,,,,,,,,,,,,,
1091,693821,91,P,R,24,Atl,Bryce,Elder,,,,,,,,,,,,,,,
1092,623451,92,P,R,28,Atl,Jackson,Stephens,,,,,,,,,,,,,,,
1093,663765,93,P,R,26,StL,Jake,Woodford,,,,,,,,,,,,,,,
1094,571927,94,P,L,31,StL,Steven,Matz,,,,,,,,,,,,,,,
1095,676265,95,P,R,27,Was,Cory,Abbott,,,,,,,,,,,,,,,
1096,656731,96,P,R,27,NYN,Tylor,Megill,,,,,,,,,,,,,,,
1097,674072,97,P,L,25,Ari,Tommy,Henry,,,,,,,,,,,,,,,
1098,667297,98,P,R,32,Mia,Tommy,Nance,,,,,,,,,,,,,,,
1099,669674,99,P,L,27,SF,Sam,Long,,,,,,,,,,,,,,,
1100,650911,100,P,L,26,Phi,Cristopher,Sanchez,,,,,,,,,,,,,,,
1101,665871,101,P,R,25,ChN,Javier,Assad,,,,,,,,,,,,,,,
1102,489119,102,P,L,36,Mil,Wade,Miley,,,,,,,,,,,,,,,
1103,669459,103,P,L,26,Ari,Kyle,Nelson,,,,,,,,,,,,,,,
1104,686752,104,P,R,25,LAD,Ryan,Pepiot,,,,,,,,,,,,,,,
1105,656427,105,P,R,27,StL,Jack,Flaherty,,,,,,,,,,,,,,,
1106,596133,106,P,R,29,Cin,Luke,Weaver,,,,,,,,,,,,,,,
1107,641447,107,P,L,28,Mia,Daniel,Castano,,,,,,,,,,,,,,,
1108,657571,108,P,L,26,LAD,Caleb,Ferguson,,,,,,,,,,,,,,,
1109,669461,109,P,L,23,StL,Matthew,Liberatore,,,,,,,,,,,,,,,
1110,668868,110,P,L,25,StL,Zack,Thompson,,,,,,,,,,,,,,,
1111,670970,111,P,L,24,SD,Adrian,Morejon,,,,,,,,,,,,,,,
1112,656818,112,P,R,29,Cin,Connor,Overton,,,,,,,,,,,,,,,
1113,669713,113,P,R,25,ChN,Hayden,Wesneski,,,,,,,,,,,,,,,
1114,659275,114,P,R,30,Col,Dinelson,Lamet,,,,,,,,,,,,,,,
1115,676050,115,P,L,27,StL,Packy,Naughton,,,,,,,,,,,,,,,
1116,643290,116,P,R,27,Cin,Justin,Dunn,,,,,,,,,,,,,,,
1117,669160,117,P,R,25,LAD,Dustin,May,,,,,,,,,,,,,,,
1118,675627,118,P,R,26,LAD,Michael,Grove,,,,,,,,,,,,,,,
1119,663546,119,P,R,25,SF,Sean,Hjelle,,,,,,,,,,,,,,,
1120,686753,120,P,R,25,Ari,Drey,Jameson,,,,,,,,,,,,,,,
1121,608638,121,P,R,32,Mia,JT,Chargois,,,,,,,,,,,,,,,
1122,656686,122,P,R,27,Ari,Corbin,Martin,,,,,,,,,,,,,,,
1123,663465,123,P,L,25,Atl,Kolby,Allard,,,,,,,,,,,,,,,
1124,543101,124,P,R,33,SF,Anthony,DeSclafani,,,,,,,,,,,,,,,
1125,657756,125,P,R,27,Col,Connor,Seabold,,,,,,,,,,,,,,,
1126,669194,126,P,R,25,Ari,Ryne,Nelson,,,,,,,,,,,,,,,
1127,518397,127,P,L,33,SF,Scott,Alexander,,,,,,,,,,,,,,,
1128,666818,128,P,R,24,Ari,Luis,Frias,,,,,,,,,,,,,,,
1129,668941,129,P,L,26,StL,JoJo,Romero,,,,,,,,,,,,,,,
1130,682847,130,P,R,24,Pit,Luis,Ortiz(Pit),,,,,,,,,,,,,,,
1131,663378,131,P,L,26,SF,Thomas,Szapucki,,,,,,,,,,,,,,,
1132,518585,132,P,R,33,Cin,Fernando,Cruz,,,,,,,,,,,,,,,
1133,663753,133,P,R,26,SD,Reiss,Knehr,,,,,,,,,,,,,,,
1134,640470,134,P,R,28,ChN,Adbert,Alzolay,,,,,,,,,,,,,,,
1135,668873,135,P,R,26,ChN,Caleb,Kilian,,,,,,,,,,,,,,,
1136,668338,136,P,R,27,Mil,Tyson,Miller,,,,,,,,,,,,,,,
1137,656578,137,P,R,26,LAD,Andre,Jackson,,,,,,,,,,,,,,,
1138,664942,138,P,R,30,StL,James,Naile,,,,,,,,,,,,,,,
1139,663947,139,P,L,26,Ari,Tyler,Holton,,,,,,,,,,,,,,,
1140,656814,140,P,R,27,Phi,Luis,Ortiz(Phi),,,,,,,,,,,,,,,
1141,676083,141,P,R,27,Mil,Janson,Junk,,,,,,,,,,,,,,,
1142,674681,142,P,L,26,Phi,Michael,Plassmeyer,,,,,,,,,,,,,,,
1143,571946,143,P,R,32,LAD,Shelby,Miller,,,,,,,,,,,,,,,
1144,663629,144,P,L,26,Mil,Ethan,Small,,,,,,,,,,,,,,,
1145,672839,145,P,R,23,Phi,Francisco,Morales,,,,,,,,,,,,,,,
1146,544931,146,P,R,34,Was,Stephen,Strasburg,,,,,,,,,,,,,,,
1147,676917,147,P,R,24,Was,Cade,Cavalli,,,,,,,,,,,,,,,
1148,658648,148,P,R,26,SD,Pedro,Avila,,,,,,,,,,,,,,,
1149,676130,149,P,R,25,NYN,Jose,Butto,,,,,,,,,,,,,,,
1150,677960,150,P,L,23,SD,Ryan,Weathers,,,,,,,,,,,,,,,
1151,673904,151,P,R,27,StL,Jake,Walsh,,,,,,,,,,,,,,,
1152,641743,152,P,L,28,ChN,Anthony,Kay,,,,,,,,,,,,,,,
1153,673258,153,P,R,27,SD,Michel,Baez,,,,,,,,,,,,,,,
1154,663562,154,P,R,26,Col,Noah,Davis,,,,,,,,,,,,,,,
1155,664192,155,P,L,29,NYN,Joey,Lucchesi,,,,,,,,,,,,,,,
1156,647336,156,P,R,25,Atl,Mike,Soroka,,,,,,,,,,,,,,,
1157,663567,157,P,R,26,Col,Peter,Lambert,,,,,,,,,,,,,,,
1158,664350,158,P,R,24,Mia,Sixto,Sanchez,,,,,,,,,,,,,,,
1159,668968,159,P,R,24,Phi,Hans,Crouse,,,,,,,,,,,,,,,
1160,641703,160,P,R,28,SD,Brent,Honeywell,,,,,,,,,,,,,,,
1161,,161,P,R,21,Mil,Jacob(round/2/2022/MLB/draft),Misiorowski,,,,,,,,,,,,,,,
1162,681402,162,P,R,26,Mil,Gus,Varland,,,,,,,,,,,,,,,
1163,694363,163,P,L,24,Atl,Jared,Shuster,,,,,,,,,,,,,,,
1164,680767,164,P,R,23,Atl,Victor,Vodnik,,,,,,,,,,,,,,,
1165,680885,165,P,R,22,Atl,Spencer,Schwellenbach,,,,,,,,,,,,,,,
1166,,166,P,R,22,-,Really,AL#717,,,,,,,,,,,,,,,
1167,702566,167,P,R,19,Atl,Owen(round/1/2022/MLB/draft),Murphy,,,,,,,,,,,,,,,
1168,,168,P,R,19,Atl,J.R.(round/1C/2022/MLB/draft),Ritchie,,,,,,,,,,,,,,,
1169,,169,P,R,19,Atl,Cole(round/2/2022/MLB/draft),Phillips,,,,,,,,,,,,,,,
1170,,170,P,R,24,Atl,Darius,Vines,,,,,,,,,,,,,,,
1171,,171,P,R,20,Atl,AJ,Smith-Shawver,,,,,,,,,,,,,,,
1172,,172,P,R,23,Atl,Roddery,Munoz,,,,,,,,,,,,,,,
1173,696136,173,P,L,23,ChN,Jordan,Wicks,,,,,,,,,,,,,,,
1174,686754,174,P,R,25,ChN,Ryan,Jensen,,,,,,,,,,,,,,,
1175,,175,P,L,22,ChN,D.J.,Herz,,,,,,,,,,,,,,,
1176,690990,176,P,R,21,ChN,Cade(round/1/2022/MLB/draft),Horton,,,,,,,,,,,,,,,
1177,,177,P,L,19,ChN,Jackson(round/2/2022/MLB/draft),Ferris,,,,,,,,,,,,,,,
1178,,178,P,R,23,ChN,Ben,Brown,,,,,,,,,,,,,,,
1179,682227,179,P,L,24,Cin,Brandon,Williamson,,,,,,,,,,,,,,,
1180,,180,P,R,25,Cin,Levi,Stoudt,,,,,,,,,,,,,,,
1181,680689,181,P,R,23,Cin,Lyon,Richardson,,,,,,,,,,,,,,,
1182,671096,182,P,L,23,Cin,Andrew,Abbott,,,,,,,,,,,,,,,
1183,,183,P,R,21,Cin,Connor,Phillips,,,,,,,,,,,,,,,
1184,676272,184,P,R,24,LAD,Bobby,Miller,,,,,,,,,,,,,,,
1185,691772,185,P,L,20,LAD,Maddux,Bruns,,,,,,,,,,,,,,,
1186,689017,186,P,L,24,LAD,Landon,Knack,,,,,,,,,,,,,,,
1187,,187,P,R,23,LAD,Nick,Nastrini,,,,,,,,,,,,,,,
1188,,188,P,R,24,LAD,Gavin,Stone,,,,,,,,,,,,,,,
1189,663658,189,P,R,26,Was,Thad,Ward,,,,,,,,,,,,,,,
1190,671131,190,P,R,23,Was,Jackson,Rutledge,,,,,,,,,,,,,,,
1191,691251,191,P,R,20,Was,Andry,Lara,,,,,,,,,,,,,,,
1192,672629,192,P,R,24,Was,Gerardo,Carrillo,,,,,,,,,,,,,,,
1193,,193,P,R,19,Was,Jarlin,Susana,,,,,,,,,,,,,,,
1194,,194,P,L,22,Was,Jake(round/2/2022/MLB/draft),Bennett,,,,,,,,,,,,,,,
1195,682929,195,P,R,22,NYN,Matthew,Allan,,,,,,,,,,,,,,,
1196,683349,196,P,R,20,NYN,Calvin,Ziegler,,,,,,,,,,,,,,,
1197,,197,P,R,19,NYN,Joel,Diaz,,,,,,,,,,,,,,,
1198,,198,P,R,21,NYN,Blake(round/2/2022/MLB/draft),Tidwell,,,,,,,,,,,,,,,
1199,,199,P,R,30,NYN,Kodai,Senga,,,,,,,,,,,,,,,
1200,,200,P,R,26,NYN,Zach,Greene,,,,,,,,,,,,,,,
1201,690953,201,P,R,21,Phi,Mick,Abel,,,,,,,,,,,,,,,
1202,691725,202,P,R,20,Phi,Andrew,Painter,,,,,,,,,,,,,,,
1203,676046,203,P,R,23,Phi,Griff,McGarry,,,,,,,,,,,,,,,
1204,696143,204,P,L,20,Pit,Anthony,Solometo,,,,,,,,,,,,,,,
1205,696149,205,P,R,20,Pit,Bubba,Chandler,,,,,,,,,,,,,,,
1206,683003,206,P,R,21,Pit,Jared,Jones,,,,,,,,,,,,,,,
1207,,207,P,R,23,Pit,Mike,Burrows,,,,,,,,,,,,,,,
1208,,208,P,R,21,Pit,Thomas(round/1C/2022/MLB/draft),Harrington,,,,,,,,,,,,,,,
1209,,209,P,L,22,Pit,Hunter(out/until/7-23?),Barco,,,,,,,,,,,,,,,
1210,,210,P,L,25,Pit,Jose,Hernandez,,,,,,,,,,,,,,,
1211,700241,211,P,R,22,StL,Michael,McGreevy,,,,,,,,,,,,,,,
1212,700669,212,P,R,23,StL,Gordon,Graceffo,,,,,,,,,,,,,,,
1213,,213,P,L,24,StL,Connor,Thomas,,,,,,,,,,,,,,,
1214,,214,P,R,20,StL,Tink,Hence,,,,,,,,,,,,,,,
1215,687309,215,P,L,22,StL,Cooper(round/1/2022/MLB/draft),Hjerpe,,,,,,,,,,,,,,,
1216,,216,P,L,22,StL,Brycen(round/2/2022/MLB/draft),Mautz,,,,,,,,,,,,,,,
1217,,217,P,R,23,StL,Inohan,Paniagua,,,,,,,,,,,,,,,
1218,666130,218,P,L,24,SD,Jay,Groome,,,,,,,,,,,,,,,
1219,,219,P,L,24,SD,Noel,Vela,,,,,,,,,,,,,,,
1220,702266,220,P,R,19,SD,Dylan(round/1/2022/MLB/draft),Lesko,,,,,,,,,,,,,,,
1221,,221,P,L,19,SD,Robby(round/1C/2022/MLB/draft),Snelling,,,,,,,,,,,,,,,
1222,690986,222,P,L,21,SF,Kyle,Harrison,,,,,,,,,,,,,,,
1223,687218,223,P,R,23,SF,Will,Bednar,,,,,,,,,,,,,,,
1224,,224,P,R,23,SF,Mason,Black,,,,,,,,,,,,,,,
1225,686846,225,P,L,22,SF,Reggie(round/1/2022/MLB/draft),Crawford,,,,,,,,,,,,,,,
1226,,226,P,L,22,SF,Carson(round/2/2022/MLB/draft),Whisenhunt,,,,,,,,,,,,,,,
1227,669020,227,P,L,25,Col,Ryan,Rolison,,,,,,,,,,,,,,,
1228,677955,228,P,R,23,Col,Jaden,Hill,,,,,,,,,,,,,,,
1229,666207,229,P,R,25,Col,Riley,Pint,,,,,,,,,,,,,,,
1230,687312,230,P,R,21,Col,Gabriel(round/1/2022/MLB/draft),Hughes,,,,,,,,,,,,,,,
1231,,231,P,R,19,Col,Jackson(round/2/2022/MLB/draft),Cox,,,,,,,,,,,,,,,
1232,690978,232,P,L,21,Mia,Daxton,Fulton,,,,,,,,,,,,,,,
1233,671109,233,P,L,24,Mia,Jake,Eder,,,,,,,,,,,,,,,
1234,691587,234,P,R,20,Mia,Eury,Perez,,,,,,,,,,,,,,,
1235,,235,P,R,19,Mia,Jacob(round/2/2022/MLB/draft),Miller,,,,,,,,,,,,,,,
1236,677944,236,P,R,24,Ari,Slade,Cecconi,,,,,,,,,,,,,,,
1237,686786,237,P,L,21,Ari,Blake,Walston,,,,,,,,,,,,,,,
1238,694297,238,P,R,24,Ari,Brandon,Pfaadt,,,,,,,,,,,,,,,
1239,,239,P,R,22,Ari,Landon(round/1C/2022/MLB/draft),Sims,,,,,,,,,,,,,,,
1240,640444,240,SR,R,28,Pit,Wil,Crowe,,,,,,,,,,,,,,,
1241,643511,241,SR,R,32,SF,Tyler,Rogers,,,,,,,,,,,,,,,
1242,621345,242,SR,L,29,Atl,A.J.,Minter,,,,,,,,,,,,,,,
1243,543521,243,SR,R,35,Atl,Collin,McHugh,,,,,,,,,,,,,,,
1244,666808,244,SR,R,25,SF,Camilo,Doval,,,,,,,,,,,,,,,
1245,608718,245,SR,L,33,Col,Brent,Suter,,,,,,,,,,,,,,,
1246,640448,246,SR,R,31,Was,Kyle,Finnegan,,,,,,,,,,,,,,,
1247,493603,247,SR,R,37,NYN,Adam,Ottavino,,,,,,,,,,,,,,,
1248,607625,248,SR,R,33,SD,Seth,Lugo,,,,,,,,,,,,,,,
1249,606424,249,SR,L,30,Pit,Jarlin,Garcia,,,,,,,,,,,,,,,
1250,664854,250,SR,R,28,StL,Ryan,Helsley,,,,,,,,,,,,,,,
1251,571948,251,SR,L,32,Mil,Hoby,Milner,,,,,,,,,,,,,,,
1252,573124,252,SR,L,32,SF,Taylor,Rogers,,,,,,,,,,,,,,,
1253,502202,253,SR,R,34,ChN,Brad,Boxberger,,,,,,,,,,,,,,,
1254,592858,254,SR,R,30,ChN,Rowan,Wick,,,,,,,,,,,,,,,
1255,502085,255,SR,R,38,NYN,David,Robertson,,,,,,,,,,,,,,,
1256,664747,256,SR,R,26,Cin,Alexis,Diaz,,,,,,,,,,,,,,,
1257,608717,257,SR,R,32,StL,Chris,Stratton,,,,,,,,,,,,,,,
1258,623465,258,SR,R,28,LAD,Evan,Phillips,,,,,,,,,,,,,,,
1259,656945,259,SR,L,28,Mia,Tanner,Scott,,,,,,,,,,,,,,,
1260,628452,260,SR,R,33,Atl,Raisel,Iglesias,,,,,,,,,,,,,,,
1261,621242,261,SR,R,29,NYN,Edwin,Diaz,,,,,,,,,,,,,,,
1262,605218,262,SR,R,31,Was,Carl,Edwards,,,,,,,,,,,,,,,
1263,472610,263,SR,R,36,SD,Luis,Garcia(SD),,,,,,,,,,,,,,,
1264,641360,264,SR,R,27,LAD,Phil,Bickford,,,,,,,,,,,,,,,
1265,642207,265,SR,R,28,Mil,Devin,Williams,,,,,,,,,,,,,,,
1266,453268,266,SR,R,37,Col,Daniel,Bard,,,,,,,,,,,,,,,
1267,642397,267,SR,L,28,Phi,Gregory,Soto,,,,,,,,,,,,,,,
1268,518886,268,SR,R,34,Phi,Craig,Kimbrel,,,,,,,,,,,,,,,
1269,573009,269,SR,L,32,Ari,Joe,Mantiply,,,,,,,,,,,,,,,
1270,456713,270,SR,R,37,Mil,Matt,Bush,,,,,,,,,,,,,,,
1271,606149,271,SR,R,31,StL,Giovanny,Gallegos,,,,,,,,,,,,,,,
1272,642701,272,SR,R,27,Atl,Dennis,Santana,,,,,,,,,,,,,,,
1273,596112,273,SR,R,30,Pit,Robert,Stephenson,,,,,,,,,,,,,,,
1274,669270,274,SR,R,28,Cin,Joel,Kuhnel,,,,,,,,,,,,,,,
1275,676714,275,SR,L,27,ChN,Brandon,Hughes,,,,,,,,,,,,,,,
1276,476595,276,SR,L,36,Atl,Lucas,Luetge,,,,,,,,,,,,,,,
1277,621249,277,SR,R,28,Pit,Duane,Underwood,,,,,,,,,,,,,,,
1278,641729,278,SR,R,28,Atl,Joe,Jimenez,,,,,,,,,,,,,,,
1279,453343,279,SR,R,38,Ari,Mark,Melancon,,,,,,,,,,,,,,,
1280,621074,280,SR,R,29,ChN,Michael,Rucker,,,,,,,,,,,,,,,
1281,681911,281,SR,L,27,LAD,Alex,Vesia,,,,,,,,,,,,,,,
1282,571479,282,SR,R,31,Phi,Andrew,Bellatti,,,,,,,,,,,,,,,
1283,571670,283,SR,R,32,Mia,Dylan,Floro,,,,,,,,,,,,,,,
1284,548384,284,SR,L,34,NYN,Brooks,Raley,,,,,,,,,,,,,,,
1285,621051,285,SR,R,28,SD,Steven,Wilson,,,,,,,,,,,,,,,
1286,670280,286,SR,R,28,Pit,David,Bednar,,,,,,,,,,,,,,,
1287,595345,287,SR,L,31,Mia,Steven,Okert,,,,,,,,,,,,,,,
1288,621237,288,SR,L,27,Phi,Jose,Alvarado,,,,,,,,,,,,,,,
1289,622554,289,SR,R,28,Phi,Seranthony,Dominguez,,,,,,,,,,,,,,,
1290,542947,290,SR,L,36,Mia,Richard,Bleier,,,,,,,,,,,,,,,
1291,669276,291,SR,L,28,Atl,Dylan,Lee,,,,,,,,,,,,,,,
1292,623352,292,SR,L,29,SD,Josh,Hader,,,,,,,,,,,,,,,
1293,660813,293,SR,R,24,LAD,Brusdar,Graterol,,,,,,,,,,,,,,,
1294,657612,294,SR,L,33,SD,Tim,Hill,,,,,,,,,,,,,,,
1295,628708,295,SR,R,28,Phi,Yunior,Marte,,,,,,,,,,,,,,,
1296,663158,296,SR,R,32,SD,Robert,Suarez,,,,,,,,,,,,,,,
1297,656234,297,SR,R,27,Col,Jake,Bird,,,,,,,,,,,,,,,
1298,571656,298,SR,R,32,Cin,Buck,Farmer,,,,,,,,,,,,,,,
1299,622098,299,SR,R,29,NYN,Drew,Smith,,,,,,,,,,,,,,,
1300,621381,300,SR,L,31,Phi,Matt,Strahm,,,,,,,,,,,,,,,
1301,650893,301,SR,L,26,StL,Genesis,Cabrera,,,,,,,,,,,,,,,
1302,641401,302,SR,R,28,Phi,Connor,Brogdon,,,,,,,,,,,,,,,
1303,656458,303,SR,L,27,Col,Lucas,Gilbreath,,,,,,,,,,,,,,,
1304,664875,304,SR,R,28,Col,Justin,Lawrence,,,,,,,,,,,,,,,
1305,644364,305,SR,R,28,Was,Victor,Arano,,,,,,,,,,,,,,,
1306,489334,306,SR,R,39,SD,Craig,Stammen,,,,,,,,,,,,,,,
1307,607179,307,SR,R,30,Was,Jordan,Weems,,,,,,,,,,,,,,,
1308,640451,308,SR,R,28,Was,Hunter,Harvey,,,,,,,,,,,,,,,
1309,664294,309,SR,R,27,Pit,Dauri,Moreta,,,,,,,,,,,,,,,
1310,670990,310,SR,R,27,Pit,Yohan,Ramirez,,,,,,,,,,,,,,,
1311,664139,311,SR,R,29,Cin,Ian,Gibaut,,,,,,,,,,,,,,,
1312,622075,312,SR,R,28,LAD,Yency,Almonte,,,,,,,,,,,,,,,
1313,657265,313,SR,R,28,Mil,Peter,Strzelecki,,,,,,,,,,,,,,,
1314,642121,314,SR,R,33,Ari,Cole,Sulser,,,,,,,,,,,,,,,
1315,623211,315,SR,R,33,Mia,Huascar,Brazoban,,,,,,,,,,,,,,,
1316,656464,316,SR,R,29,Ari,Kevin,Ginkel,,,,,,,,,,,,,,,
1317,612434,317,SR,R,28,Ari,Miguel,Castro,,,,,,,,,,,,,,,
1318,664092,318,SR,R,29,SD,Sean,Poppen,,,,,,,,,,,,,,,
1319,670059,319,SR,R,27,Pit,Colin,Holderman,,,,,,,,,,,,,,,
1320,657272,320,SR,R,26,Phi,Erich,Uelmen,,,,,,,,,,,,,,,
1321,657240,321,SR,R,31,ChN,Julian,Merryweather,,,,,,,,,,,,,,,
1322,660787,322,SR,R,25,Pit,Yerry,DeLosSantos,,,,,,,,,,,,,,,
1323,666168,323,SR,R,25,Was,Mason,Thompson,,,,,,,,,,,,,,,
1324,543339,324,SR,R,36,LAD,Daniel,Hudson,,,,,,,,,,,,,,,
1325,641755,325,SR,R,32,Col,Tyler,Kinley,,,,,,,,,,,,,,,
1326,656257,326,SR,R,31,NYN,Jeff,Brigham,,,,,,,,,,,,,,,
1327,677865,327,SR,L,25,LAD,Justin,Bruihl,,,,,,,,,,,,,,,
1328,668665,328,SR,R,28,NYN,Stephen,Nogosek,,,,,,,,,,,,,,,
1329,572403,329,SR,R,32,StL,Drew,VerHagen,,,,,,,,,,,,,,,
1330,571882,330,SR,R,32,Cin,Derek,Law,,,,,,,,,,,,,,,
1331,663574,331,SR,R,26,Cin,Tony,Santillan,,,,,,,,,,,,,,,
1332,642770,332,SR,R,27,Mil,JavyA.,Guerra(Mil),,,,,,,,,,,,,,,
1333,665625,333,SR,R,26,Mil,Elvis,Peguero,,,,,,,,,,,,,,,
1334,677053,334,SR,L,24,Mia,Andrew,Nardi,,,,,,,,,,,,,,,
1335,572955,335,SR,R,31,Col,Pierce,Johnson,,,,,,,,,,,,,,,
1336,655889,336,SR,R,26,ChN,Manuel,Rodriguez,,,,,,,,,,,,,,,
1337,664776,337,SR,R,28,Mil,Jake,Cousins,,,,,,,,,,,,,,,
1338,656322,338,SR,R,30,Phi,Sam,Coonrod,,,,,,,,,,,,,,,
1339,607755,339,SR,L,29,Phi,Andrew,Vasquez,,,,,,,,,,,,,,,
1340,681799,340,SR,R,25,ChN,Ethan(out/until/9-23?),Roberts,,,,,,,,,,,,,,,
1341,489446,341,SR,R,36,Atl,Kirby,Yates,,,,,,,,,,,,,,,
1342,668970,342,SR,R,25,Col,Gavin,Hollowell,,,,,,,,,,,,,,,
1343,608371,343,SR,R,28,Cin,Lucas,Sims,,,,,,,,,,,,,,,
1344,669093,344,SR,R,24,ChN,Jeremiah,Estrada,,,,,,,,,,,,,,,
1345,686972,345,SR,R,24,SF,Cole,Waites,,,,,,,,,,,,,,,
1346,678061,346,SR,L,28,SD,Ray,Kerr,,,,,,,,,,,,,,,
1347,656755,347,SR,R,26,NYN,Bryce,MontesdeOca,,,,,,,,,,,,,,,
1348,642048,348,SR,L,29,NYN,Tayler,Saucedo,,,,,,,,,,,,,,,
1349,683232,349,SR,R,26,Col,Nick,Mears,,,,,,,,,,,,,,,
1350,620454,350,SR,L,27,SD,Jose,Castillo,,,,,,,,,,,,,,,
1351,519141,351,SR,L,34,SD,Drew,Pomeranz,,,,,,,,,,,,,,,
1352,623433,352,SR,R,32,Atl,Nick,Anderson,,,,,,,,,,,,,,,
1353,595928,353,SR,R,29,NYN,John,Curtiss,,,,,,,,,,,,,,,
1354,622088,354,SR,R,29,Cin,Tejay,Antone,,,,,,,,,,,,,,,
1355,624647,355,SR,L,27,LAD,Victor,Gonzalez,,,,,,,,,,,,,,,
1356,676220,356,SR,R,26,Atl,Seth,Elledge,,,,,,,,,,,,,,,
1357,,357,SR,R,33,Ari,Scott,McGough,,,,,,,,,,,,,,,
1358,670050,358,SR,R,27,NYN,Stephen,Ridings,,,,,,,,,,,,,,,
1359,,359,SR,R,33,StL,Wilking,Rodriguez,,,,,,,,,,,,,,,
1360,669091,360,SR,L,25,Was,Matt,Cronin,,,,,,,,,,,,,,,
1361,,361,SR,L,24,SD,Jose,Lopez,,,,,,,,,,,,,,,
1362,,362,SR,R,26,Mia,Nic,Enright,,,,,,,,,,,,,,,
1363,669221,363,C,R,28,Atl,Sean,Murphy,,,,,,0.41,0.16,0.41,0.16,0,-5,-6,-1,12,14
1364,669257,364,C,R,28,LAD,WillD.,Smith(LAD),,,,,,0.53,0.15,0.53,0.15,-3,-4,-3,7,11,8
1365,592663,365,C,R,32,Phi,J.T.,Realmuto,,,,,,0.36,0.17,0.36,0.17,1,-3,0,-2,7,0
1366,575929,366,C,R,30,StL,Willson,Contreras,,,,,,0.42,0.16,0.42,0.17,-4,-5,-18,10,11,43
1367,660688,367,C,B,24,Was,Keibert,Ruiz,,,,,,0.5,0.19,0.51,0.2,-6,-4,2,15,11,-4
1368,518595,368,C,R,34,Atl,Travis,D'Arnaud,,,,,,0.48,0.14,0.49,0.14,-8,-11,-14,21,29,37
1369,543592,369,C,R,33,SD,Austin,Nola,,,,,,0.54,0.12,0.55,0.12,-11,-10,-17,22,20,35
1370,607732,370,C,R,33,Mia,Jacob,Stallings,,,,,,0.5,0.15,0.51,0.15,2,-1,-3,-4,2,8
1371,553869,371,C,R,32,Col,Elias,Diaz,,,,,,0.44,0.18,0.44,0.18,-7,-8,-12,14,17,24
1372,661388,372,C,R,25,Mil,William,Contreras,,,,,,0.47,0.17,0.48,0.17,-8,-11,-14,19,27,34
1373,608348,373,C,R,28,Ari,Carson,Kelly,,,,,,0.49,0.15,0.49,0.15,-7,-9,-23,14,18,47
1374,595978,374,C,R,30,Pit,Austin,Hedges,,,,,,0.45,0.16,0.46,0.16,-3,-7,-12,7,17,29
1375,605170,375,C,B,29,Mil,Victor,Caratini,,,,,,0.52,0.15,0.52,0.15,-5,1,-1,11,-2,3
1376,571466,376,C,L,32,ChN,Tucker,Barnhart,,,,,,0.51,0.18,0.52,0.18,2,4,10,-7,-14,-34
1377,621512,377,C,R,29,NYN,Tomas,Nido,,,,,,0.47,0.19,0.48,0.2,-4,-7,-10,9,15,22
1378,553882,378,C,L,31,NYN,Omar,Narvaez,,,,,,0.54,0.16,0.54,0.16,7,9,18,-27,-32,-66
1379,668800,379,C,R,28,StL,Andrew,Knizner,,,,,,0.38,0.12,0.39,0.12,3,2,-4,-8,-5,10
1380,663698,380,C,R,26,SF,Joey,Bart,,,,,,0.53,0.16,0.53,0.16,-1,-3,-12,3,6,27
1381,543228,381,C,R,35,ChN,Yan,Gomes,,,,,,0.52,0.21,0.53,0.21,-8,-8,-23,19,17,50
1382,663743,382,C,R,26,Mia,Nick,Fortes,,,,,,0.51,0.18,0.52,0.18,-2,-4,-6,4,9,14
1383,605131,383,C,R,33,LAD,Austin,Barnes,,,,,,0.52,0.17,0.53,0.17,-1,-3,-8,2,7,18
1384,571912,384,C,R,32,Cin,Luke,Maile,,,,,,0.53,0.19,0.53,0.19,-8,-9,-14,19,21,33
1385,661531,385,C,R,27,Col,Brian,Serven,,,,,,0.56,0.17,0.57,0.17,-5,-7,-11,11,17,25
1386,663886,386,C,R,26,Cin,Tyler,Stephenson,,,,,,0.54,0.16,0.54,0.17,-5,-7,-9,10,15,20
1387,592200,387,C,R,34,Cin,Curt,Casali,,,,,,0.43,0.12,0.44,0.12,1,-3,-10,-2,6,23
1388,656180,388,C,R,26,Was,Riley,Adams,,,,,,0.59,0.16,0.6,0.16,1,1,-2,-3,-2,5
1389,596117,389,C,L,29,Phi,Garrett,Stubbs,,,,,,0.48,0.18,0.48,0.18,3,4,8,-8,-11,-25
1390,645444,390,C,B,26,Ari,Jose,Herrera,,,,,,0.48,0.19,0.48,0.2,-9,-6,-9,23,15,24
1391,672515,391,C,R,23,Ari,Gabriel,Moreno,,,,,,0.5,0.18,0.51,0.19,-4,-7,-9,9,15,21
1392,669134,392,C,R,24,SD,Luis,Campusano,,,,,,0.51,0.15,0.51,0.15,-5,-7,-11,11,16,25
1393,668721,393,C,R,25,Mil,Payton,Henry,,,,,,0.49,0.17,0.5,0.17,-3,-6,-9,8,13,21
1394,671056,394,C,R,22,StL,Ivan,Herrera,,,,,,0.48,0.16,0.49,0.16,-3,-6,-11,8,13,24
1395,672832,395,C,R,23,Was,Israel,Pineda,,,,,,0.49,0.16,0.5,0.17,-4,-6,-11,9,14,25
1396,682626,396,C,R,21,NYN,Francisco,Alvarez,,,,,,0.49,0.16,0.5,0.16,-3,-5,-9,7,11,20
1397,644433,397,C,R,28,Atl,Chadwick,Tromp,,,,,,0.51,0.16,0.51,0.16,-5,-7,-12,12,17,28
1398,665561,398,C,B,24,Phi,Rafael,Marchan,,,,,,0.47,0.17,0.48,0.17,-9,-5,-10,21,12,24
1399,691620,399,C,R,20,Mil,Jeferson,Quero,,,,,,0.49,0.16,0.5,0.16,-4,-6,-11,8,14,24
1400,665804,400,C,R,24,ChN,Miguel,Amaya,,,,,,0.49,0.16,0.5,0.16,-4,-6,-11,8,14,24
1401,,401,C,R,22,Cin,Logan(round/2/2022/MLB/draft),Tanner,,,,,,0.49,0.16,0.5,0.16,-4,-6,-11,8,14,24
1402,682616,402,C,R,21,LAD,Diego,Cartaya,,,,,,0.49,0.16,0.5,0.16,-4,-6,-11,8,14,24
1403,,403,C,L,22,LAD,Dalton(round/2/2022/MLB/draft),Rushing,,,,,,0.49,0.16,0.5,0.16,4,6,16,-14,-20,-48
1404,691006,404,C,R,21,NYN,Kevin(round/1/2022/MLB/draft),Parada,,,,,,0.49,0.16,0.5,0.16,-4,-6,-11,8,14,24
1405,694189,405,C,L,19,Phi,Rickardo,Perez,,,,,,0.49,0.16,0.5,0.16,4,6,16,-14,-20,-48
1406,680779,406,C,R,23,Pit,Henry,Davis,,,,,,0.49,0.16,0.5,0.16,-4,-6,-11,8,14,24
1407,682848,407,C,B,22,Pit,Endy,Rodriguez,,,,,,0.49,0.16,0.5,0.16,-8,-4,-7,18,11,16
1408,672275,408,C,B,23,SF,Patrick,Bailey,,,,,,0.49,0.16,0.5,0.16,-8,-4,-7,18,11,16
1409,,409,C,L,25,SF,Blake,Sabol,,,,,,0.49,0.16,0.5,0.16,4,6,16,-14,-20,-48
1410,691011,410,C,B,21,Col,Drew,Romo,,,,,,0.49,0.16,0.5,0.16,-8,-4,-7,18,11,16
1411,691788,411,C,L,20,Mia,Joe,Mack,,,,,,0.49,0.16,0.5,0.16,4,6,16,-14,-20,-48
1412,518692,412,1B,L,33,LAD,Freddie,Freeman,1.83,,,,,,,,,8,13,19,-22,-37,-51
1413,621566,413,1B,L,29,Atl,Matt,Olson,1.87,,,,,,,,,2,4,2,-5,-10,-5
1414,624413,414,1B,R,28,NYN,Pete,Alonso,1.83,,,,,,,,,3,-5,-5,-7,11,12
1415,656555,415,1B,R,30,Phi,Rhys,Hoskins,1.86,,,,,,,,,-6,-9,-18,14,22,43
1416,572233,416,1B,R,32,Ari,Christian,Walker,1.93,,,,,,,,,-3,-8,-1,8,19,3
1417,502671,417,1B,R,35,StL,Paul,Goldschmidt,1.87,,,,,,,,,-9,-11,-24,26,31,68
1418,543068,418,1B,R,33,Col,C.J.,Cron,1.85,,,,,,,,,1,-1,-5,-2,2,11
1419,642133,419,1B,L,28,Mil,Rowdy,Tellez,1.84,,,,,,,,,2,3,19,-7,-9,-65
1420,467793,420,1B,B,37,Pit,Carlos,Santana,1.84,,,,,,,,,-16,-10,-9,39,24,22
1421,643265,421,1B,R,32,Mia,Garrett,Cooper,1.85,,,,,,,,,-3,-3,-6,7,7,16
1422,543333,422,1B,L,33,ChN,Eric,Hosmer,1.84,,,,,,,,,-1,6,9,2,-17,-24
1423,596847,423,1B,L,31,Pit,Ji-Man,Choi,1.86,,,,,,,,,3,9,18,-9,-30,-59
1424,458015,424,1B,L,39,Cin,Joey,Votto,1.86,,,,,,,,,7,8,26,-19,-21,-71
1425,669374,425,1B,R,26,Mil,Keston,Hiura,1.86,,,,,,,,,2,0,3,-4,1,-7
1426,642086,426,1B,L,27,Was,Dominic,Smith,1.85,,,,,,,,,-3,-2,6,9,6,-19
1427,669742,427,1B,L,27,Phi,Darick,Hall,1.85,,,,,,,,,6,7,21,-19,-23,-68
1428,666179,428,1B,L,26,Ari,Seth,Beer,1.83,,,,,,,,,2,5,11,-7,-14,-36
1429,669911,429,1B,B,24,Col,Michael,Toglia,1.85,,,,,,,,,-6,-2,-6,15,6,14
1430,641525,430,1B,R,31,SD,Brandon,Dixon,1.85,,,,,,,,,-3,-5,-9,6,11,21
1431,,431,1B,L,24,ChN,Matt,Mervis,1.85,,,,,,,,,4,6,16,-14,-20,-48
1432,680693,432,1B,L,23,Col,Grant,Lavigne,1.85,,,,,,,,,4,6,16,-14,-20,-48
1433,,433,1B,R,23,Ari,Ivan(round/2/2022/MLB/draft),Melendez,1.85,,,,,,,,,-4,-6,-11,8,14,24
1434,630105,434,2B,L,29,SD,Jake,Cronenworth,1.88,4.3,,,,,,,,3,6,11,-7,-16,-30
1435,650333,435,2B,L,26,Mia,Luis,Arraez,1.88,4.25,,,,,,,,9,8,16,-29,-27,-53
1436,527038,436,2B,R,31,SF,Wilmer,Flores(SF),1.85,4.2,2.61,,,,,,,-4,-4,-7,8,9,16
1437,643446,437,2B,L,31,NYN,Jeff,McNeil,,4.23,,,2.08,,,,,3,4,19,-9,-12,-54
1438,663898,438,2B,R,26,Col,Brendan,Rodgers,,4.33,,,,,,,,-10,-12,-28,22,26,63
1439,571970,439,2B,L,32,LAD,Max,Muncy(LAD),,4.23,2.66,,,,,,,2,4,7,-5,-11,-20
1440,606466,440,2B,B,29,Ari,Ketel,Marte,,4.27,,,,,,,,-13,-7,-24,31,18,58
1441,668942,441,2B,L,28,Ari,Josh,Rojas,,4.24,2.66,,,,,,,3,4,12,-10,-13,-36
1442,666158,442,2B,L,25,LAD,Gavin,Lux,,4.27,,,2.09,,,,,7,7,19,-20,-22,-59
1443,680977,443,2B,L,26,StL,Brendan,Donovan,,4.25,2.68,,2.08,,,,,4,4,14,-15,-14,-47
1444,680911,444,2B,R,26,Mil,Owen,Miller,1.85,4.26,,,,,,,,2,-2,-3,-3,3,6
1445,621035,445,2B,R,32,LAD,Chris,Taylor,,4.24,,,2.11,,,,,-4,-6,-11,10,13,25
1446,663697,446,2B,R,26,Cin,Jonathan,India,,4.21,,,,,,,,-5,-6,-3,12,16,6
1447,666624,447,2B,R,23,ChN,Christopher,Morel,,4.24,,,2.14,,,,,1,-4,0,-1,8,-1
1448,542932,448,2B,R,33,Mia,Jon,Berti,,4.28,2.68,,,,,,,1,-2,-8,-3,4,18
1449,516416,449,2B,R,33,Mia,Jean,Segura,,4.24,,,,,,,,-6,-10,-21,14,23,48
1450,647351,450,2B,B,26,Mil,Abraham,Toro,,4.22,2.68,,,,,,,-7,-6,6,16,13,-14
1451,641645,451,2B,L,28,NYN,Luis,Guillorme,,4.27,2.68,,,,,,,7,9,19,-20,-26,-55
1452,669357,452,2B,L,22,StL,Nolan,Gorman,,4.24,,,,,,,,3,4,15,-12,-13,-53
1453,666801,453,2B,B,23,Pit,Rodolfo,Castro,,4.25,2.67,,,,,,,-10,-5,-20,23,13,47
1454,645277,454,2B,B,26,Atl,Ozzie,Albies,,4.28,,,,,,,,-11,-5,-15,27,13,38
1455,665862,455,2B,L,25,Mia,Jazz,Chisholm,,4.3,,,,,,,,7,10,20,-20,-31,-60
1456,606115,456,2B,R,28,Atl,Orlando,Arcia,,4.28,,,,,,,,-3,-6,-6,7,13,15
1457,663611,457,2B,R,26,ChN,Nick,Madrigal,,4.27,,,,,,,,-6,-7,-13,14,15,30
1458,656716,458,2B,L,28,ChN,Zach,McKinstry,,4.25,2.66,,,,,,,3,4,15,-9,-13,-49
1459,672779,459,2B,L,23,Pit,Tucupita,Marcano,,4.25,,,2.08,,,,,2,4,13,-7,-12,-39
1460,664670,460,2B,B,26,Cin,Alejo,Lopez,,4.24,,,,,,,,-7,-4,-5,16,10,11
1461,687093,461,2B,R,22,Atl,Vaughn,Grissom,,4.24,,,,,,,,-5,-8,-13,11,18,30
1462,665019,462,2B,L,26,Phi,Kody,Clemens,,4.25,,,,,,,,1,4,7,-3,-12,-23
1463,671083,463,2B,R,24,Ari,Buddy,Kennedy,,4.27,,,,,,,,-5,-7,-13,10,15,28
1464,678225,464,2B,L,23,Pit,JiHwan,Bae,,4.25,,,,,,,,7,8,18,-21,-27,-56
1465,621011,465,2B,L,28,SD,Max,Schrock,,4.25,,,,,,,,5,6,15,-18,-19,-51
1466,670156,466,2B,L,27,ChN,Miles,Mastrobuoni,,4.25,,,,,,,,4,6,15,-13,-19,-46
1467,666703,467,2B,R,23,SD,Eguy,Rosario,,4.25,,,,,,,,-4,-6,-11,8,13,24
1468,656371,468,2B,L,26,SF,Isan,Diaz,,4.25,,,,,,,,6,9,21,-18,-27,-60
1469,672012,469,2B,L,22,Mil,Tyler,Black,,4.25,,,,,,,,4,6,16,-14,-20,-48
1470,,470,2B,R,22,Mil,Felix,Valerio,,4.25,,,,,,,,-4,-6,-11,8,14,24
1471,,471,2B,B,21,Atl,Geraldo,Quintero,,4.25,,,,,,,,-8,-4,-7,18,11,16
1472,683737,472,2B,L,25,LAD,Michael,Busch,,4.25,,,,,,,,4,6,16,-14,-20,-48
1473,,473,2B,L,22,LAD,Jorbit,Vivas,,4.25,,,,,,,,4,6,16,-14,-20,-48
1474,693304,474,2B,R,24,Pit,Nick,Gonzales,,4.25,,,,,,,,-4,-6,-11,8,14,24
1475,702261,475,2B,L,19,Pit,Termarr(round/1/2022/MLB/draft),Johnson,,4.25,,,,,,,,4,6,16,-14,-20,-48
1476,,476,2B,L,23,SF,Brett,Wisely,,4.25,,,,,,,,4,6,16,-14,-20,-48
1477,669364,477,2B,B,23,Mia,Xavier,Edwards,,4.25,,,,,,,,-8,-4,-7,18,11,16
1478,663586,478,3B,R,26,Atl,Austin,Riley,,,2.63,,,,,,,-3,-5,-7,8,14,18
1479,592518,479,3B,R,30,SD,Manny,Machado,,,2.64,,,,,,,4,-2,2,-11,6,-5
1480,664761,480,3B,R,26,Phi,Alec,Bohm,,,2.6,,,,,,,-12,-16,-27,28,36,63
1481,571448,481,3B,R,32,StL,Nolan,Arenado,,,2.73,,,,,,,-1,-2,-12,2,6,36
1482,641857,482,3B,L,28,Col,Ryan,McMahon,,,2.73,,,,,,,6,6,24,-17,-17,-69
1483,663647,483,3B,R,26,Pit,Ke'Bryan,Hayes,,,2.74,,,,,,,-6,-8,-16,15,17,37
1484,500871,484,3B,B,34,NYN,Eduardo,Escobar,,,2.6,,,,,,,-10,-4,-18,23,11,42
1485,621550,485,3B,R,31,ChN,Patrick,Wisdom,,,2.68,,,,,,,-6,-8,-16,13,18,39
1486,600869,486,3B,B,29,Was,Jeimer,Candelario,,,2.61,,,,,,,-6,0,-6,15,0,16
1487,605119,487,3B,R,29,Mil,Brian,Anderson,,,2.69,,2.08,,,,,-1,1,-7,1,-2,17
1488,605204,488,3B,R,30,SF,J.D.,Davis,,,2.61,,,,,,,0,-6,-4,1,11,7
1489,656896,489,3B,R,26,Ari,Emmanuel,Rivera,,,2.63,,,,,,,-6,-8,-12,12,17,27
1490,446334,490,3B,R,37,Ari,Evan,Longoria,,,2.63,,,,,,,-9,-12,-19,19,25,40
1491,545121,491,3B,B,31,Was,Ildemaro,Vargas,,,2.68,,,,,,,-4,0,-6,10,0,13
1492,660707,492,3B,R,24,Col,Elehuris,Montero,,,2.64,,,,,,,-5,-7,-15,11,16,32
1493,681584,493,3B,R,26,SF,David,Villar,,,2.66,,,,,,,-7,-9,-19,15,20,42
1494,670712,494,3B,R,29,Mil,Mike,Brosseau,,,2.66,,,,,,,-7,-11,-15,13,18,26
1495,668715,495,3B,R,25,Cin,Spencer,Steer,,,2.65,,,,,,,-6,-8,-15,13,19,36
1496,677954,496,3B,R,23,Mia,Jordan,Groshans,,,2.65,,,,,,,-4,-6,-11,9,15,25
1497,678246,497,3B,R,23,LAD,MiguelAntonio,Vargas,,,2.65,,,,,,,-3,-5,-10,7,10,23
1498,683146,498,3B,L,23,NYN,Brett,Baty,,,2.65,,,,,,,5,7,17,-15,-22,-53
1499,668901,499,3B,R,23,NYN,Mark,Vientos,,,2.65,,,,,,,-4,-8,-13,9,17,28
1500,660634,500,3B,B,24,LAD,Yonny,Hernandez,,,2.65,,,,,,,-5,0,-3,11,1,8
1501,666198,501,3B,R,25,Was,Carter,Kieboom,,,2.65,,,,,,,-1,-6,-8,2,12,17
1502,701649,502,3B,R,20,ChN,James,Triantos,,,2.65,,,,,,,-4,-6,-11,8,14,24
1503,,503,3B,R,23,Cin,Christian,Encarnacion-Strand,,,2.65,,,,,,,-4,-6,-11,8,14,24
1504,702253,504,3B,L,18,Cin,Cam(round/1/2022/MLB/draft),Collier,,,2.65,,,,,,,4,6,16,-14,-20,-48
1505,,505,3B,R,19,Cin,Sal(round/1A/2022/MLB/draft),Stewart,,,2.65,,,,,,,-4,-6,-11,8,14,24
1506,,506,3B,R,25,Pit,Jared,Triolo,,,2.65,,,,,,,-4,-6,-11,8,14,24
1507,691023,507,3B,R,21,StL,Jordan,Walker,,,2.65,,,,,,,-4,-6,-11,8,14,24
1508,669477,508,3B,R,24,SF,Casey,Schmitt,,,2.65,,,,,,,-4,-6,-11,8,14,24
1509,679734,509,3B,R,23,Col,Julio,Carreras,,,2.65,,,,,,,-4,-6,-11,8,14,24
1510,694351,510,3B,B,21,Mia,Jacob(round/1/2022/MLB/draft),Berry,,,2.65,,,,,,,-8,-4,-7,18,11,16
1511,691021,511,3B,R,21,Ari,A.J.,Vukovich,,,2.65,,,,,,,-4,-6,-11,8,14,24
1512,691277,512,3B,R,19,Ari,Deyvison,DeLosSantos,,,2.65,,,,,,,-4,-6,-11,8,14,24
1513,607208,513,SS,R,29,Phi,Trea,Turner,,,,4.79,,,,,,-6,-7,-25,15,18,63
1514,596019,514,SS,B,29,NYN,Francisco,Lindor,,,,4.78,,,,,,-5,-1,-4,12,2,10
1515,621020,515,SS,R,29,ChN,Dansby,Swanson,,,,4.8,,,,,,-3,-6,-8,7,15,21
1516,669242,516,SS,B,27,StL,Tommy,Edman,,4.32,,4.77,,,,,,-5,-2,-16,13,6,43
1517,593428,517,SS,R,30,SD,Xander,Bogaerts,,,,4.75,,,,,,-6,-12,-9,13,27,21
1518,642715,518,SS,R,27,Mil,Willy,Adames,,,,4.81,,,,,,1,-2,2,-3,5,-5
1519,673490,519,SS,R,27,SD,Ha-seong,Kim,,,2.7,4.81,,,,,,-5,-11,-10,12,23,22
1520,642731,520,SS,R,27,SF,Thairo,Estrada,,4.27,,4.73,,,,,,-4,-7,-14,9,16,31
1521,663538,521,SS,R,25,ChN,Nico,Hoerner,,,,4.73,,,,,,-2,-4,-6,4,9,15
1522,500743,522,SS,R,34,LAD,Miguel,Rojas,,,,4.84,,,,,,-5,-9,-13,13,22,31
1523,672695,523,SS,B,23,Ari,Geraldo,Perdomo,,,,4.72,,,,,,-11,-6,-4,25,15,10
1524,649966,524,SS,R,25,Mil,Luis,Urias,,4.25,2.67,4.73,,,,,,-4,-3,-7,10,8,18
1525,681082,525,SS,L,25,Phi,Bryson,Stott,,4.25,,4.73,,,,,,1,2,8,-4,-5,-24
1526,543063,526,SS,L,36,SF,Brandon,Crawford,,,,4.76,,,,,,6,10,16,-18,-29,-46
1527,671277,527,SS,L,22,Was,Luis,Garcia(Was),,4.25,,4.71,,,,,,3,6,15,-10,-18,-43
1528,621563,528,SS,L,33,Mia,Joey,Wendle,,4.24,2.7,4.73,,,,,,9,6,19,-27,-20,-61
1529,665833,529,SS,L,24,Pit,Oneil,Cruz,,,,4.74,,,,,,11,12,25,-30,-35,-73
1530,621028,530,SS,R,29,Cin,Kevin,Newman,,4.26,,4.77,,,,,,-7,-9,-14,16,19,31
1531,682928,531,SS,L,22,Was,CJ,Abrams,,,,4.78,,,,,,10,13,23,-29,-38,-66
1532,660636,532,SS,R,25,Ari,DiegoA.,Castillo(Ari),,4.25,,4.73,2.09,,,,,-6,-6,-25,11,12,47
1533,608703,533,SS,R,32,Cin,MattW.,Reynolds,,4.25,,4.75,,,,,,-1,-6,-7,1,13,16
1534,657557,534,SS,R,29,StL,Paul,DeJong,,,,4.83,,,,,,-2,-4,-4,4,10,11
1535,624641,535,SS,R,27,Phi,Edmundo,Sosa,,,2.7,4.79,,,,,,1,-1,-11,-1,2,25
1536,676480,536,SS,R,25,Cin,Jose(Garcia),Barrero,,,,4.76,,,,,,-4,-7,-14,9,15,31
1537,676701,537,SS,R,26,Col,Alan,Trejo,,,,4.73,,,,,,-1,-5,-6,3,11,14
1538,664901,538,SS,R,29,NYN,Danny,Mendick,,,,4.75,,,,,,-4,-5,-8,9,11,16
1539,605113,539,SS,R,33,Ari,Nick,Ahmed,,,,4.75,,,,,,-4,-6,-19,9,14,42
1540,669023,540,SS,R,24,Was,Jeter,Downs,,,,4.75,,,,,,-4,-6,-9,8,14,20
1541,678662,541,SS,R,21,Col,Ezequiel,Tovar,,,,4.75,,,,,,-5,-7,-15,12,16,34
1542,676946,542,SS,R,27,SD,Matthew,Batten,,,,4.75,,,,,,-4,-6,-11,9,14,25
1543,678894,543,SS,R,22,Pit,Liover,Peguero,,,,4.75,,,,,,-4,-6,-11,9,14,25
1544,665487,544,SS,R,24,SD,Fernando,Tatis,,,,4.71,2.1,,,,,-2,-4,-3,6,11,7
1545,668930,545,SS,L,23,Mil,Brice,Turang,,,,4.75,,,,,,4,6,16,-14,-20,-48
1546,687521,546,SS,R,22,Mil,Eric(round/1/2022/MLB/draft),Brown,,,,4.75,,,,,,-4,-6,-11,8,14,24
1547,669699,547,SS,L,25,Atl,Braden,Shewmake,,,,4.75,,,,,,4,6,16,-14,-20,-48
1548,694222,548,SS,R,19,Atl,Ambioris,Tavarez,,,,4.75,,,,,,-4,-6,-11,8,14,24
1549,,549,SS,R,18,Atl,Diego,Benitez,,,,4.75,,,,,,-4,-6,-11,8,14,24
1550,694183,550,SS,R,19,ChN,Cristian,Hernandez,,,,4.75,,,,,,-4,-6,-11,8,14,24
1551,682622,551,SS,R,21,Cin,Noelvi,Marte,,,,4.75,,,,,,-4,-6,-11,8,14,24
1552,695490,552,SS,B,19,Cin,Edwin,Arroyo,,,,4.75,,,,,,-8,-4,-7,18,11,16
1553,682829,553,SS,B,21,Cin,Elly,DeLaCruz,,,,4.75,,,,,,-8,-4,-7,18,11,16
1554,680574,554,SS,R,23,Cin,Matt,McLain,,,,4.75,,,,,,-4,-6,-11,8,14,24
1555,678760,555,SS,R,22,LAD,Eddys,Leonard,,,,4.75,,,,,,-4,-6,-11,8,14,24
1556,671276,556,SS,B,23,Was,Yasel,Antuna,,,,4.75,,,,,,-8,-4,-7,18,11,16
1557,694182,557,SS,R,19,Was,Armando,Cruz,,,,4.75,,,,,,-4,-6,-11,8,14,24
1558,691781,558,SS,R,20,Was,Brady,House,,,,4.75,,,,,,-4,-6,-11,8,14,24
1559,677595,559,SS,B,22,NYN,Ronny,Mauricio,,,,4.75,,,,,,-8,-4,-7,18,11,16
1560,702518,560,SS,R,19,NYN,Jett(round/1/2022/MLB/draft),Williams,,,,4.75,,,,,,-4,-6,-11,8,14,24
1561,,561,SS,R,20,Phi,HaoYu,Lee,,,,4.75,,,,,,-4,-6,-11,8,14,24
1562,691026,562,SS,R,21,StL,Masyn,Winn,,,,4.75,,,,,,-4,-6,-11,8,14,24
1563,701538,563,SS,L,19,SD,Jackson,Merrill,,,,4.75,,,,,,4,6,16,-14,-20,-48
1564,682617,564,SS,R,21,SF,Marco,Luciano,,,,4.75,,,,,,-4,-6,-11,8,14,24
1565,692348,565,SS,R,20,SF,Aeverson,Arteaga,,,,4.75,,,,,,-4,-6,-11,8,14,24
1566,,566,SS,B,19,Col,Adael,Amador,,,,4.75,,,,,,-8,-4,-7,18,11,16
1567,,567,SS,R,20,Col,Warming,Bernabel,,,,4.75,,,,,,-4,-6,-11,8,14,24
1568,676070,568,SS,R,24,Mia,Jacob,Amaya,,,,4.75,,,,,,-4,-6,-11,8,14,24
1569,696135,569,SS,L,20,Mia,Kahlil,Watson,,,,4.75,,,,,,4,6,16,-14,-20,-48
1570,691268,570,SS,R,20,Mia,Yiddi,Cappe,,,,4.75,,,,,,-4,-6,-11,8,14,24
1571,691783,571,SS,R,20,Ari,Jordan,Lawlar,,,,4.75,,,,,,-4,-6,-11,8,14,24
1572,677942,572,SS,R,23,Ari,Blaze,Alexander,,,,4.75,,,,,,-4,-6,-11,8,14,24
1573,592885,573,OF,L,31,Mil,Christian,Yelich,,,,,2.11,,,,,6,10,15,-16,-28,-42
1574,656941,574,OF,L,30,Phi,Kyle,Schwarber,,,,,2,,,,,6,5,32,-15,-13,-81
1575,607043,575,OF,L,30,NYN,Brandon,Nimmo,,,,,2.16,,,,,2,2,12,-6,-6,-31
1576,665742,576,OF,L,24,SD,Juan,Soto,,,,,2.1,,,,,9,13,24,-20,-31,-55
1577,664023,577,OF,B,28,ChN,Ian,Happ,,,,,2.12,,,,,-5,-1,3,15,2,-8
1578,605141,578,OF,R,30,LAD,Mookie,Betts,,,,,2.14,,,,,-5,-8,-11,13,19,28
1579,502054,579,OF,R,35,NYN,Tommy,Pham,,,,,2.05,,,,,-3,-7,-9,8,17,23
1580,668804,580,OF,B,28,Pit,Bryan,Reynolds,,,,,2.15,,,,,-7,-5,-1,18,13,2
1581,641820,581,OF,R,31,ChN,Trey,Mancini,1.83,,,,2.03,,,,,-6,-7,-15,12,14,31
1582,457705,582,OF,R,36,Pit,Andrew,McCutchen,,,,,2.04,,,,,-8,-9,-29,17,21,65
1583,453568,583,OF,L,36,Col,Charlie,Blackmon,,,,,2.04,,,,,-2,-1,12,7,4,-35
1584,592206,584,OF,R,31,Phi,Nick,Castellanos,,,,,2.02,,,,,-4,-5,-6,9,12,15
1585,573262,585,OF,L,32,SF,Mike,Yastrzemski,,,,,2.14,,,,,9,11,27,-27,-36,-82
1586,641355,586,OF,L,27,ChN,Cody,Bellinger,,,,,2.16,,,,,6,8,22,-16,-22,-63
1587,608385,587,OF,L,29,Mil,Jesse,Winker,,,,,2.02,,,,,9,9,20,-27,-28,-60
1588,657041,588,OF,R,27,Was,Lane,Thomas,,,,,2.12,,,,,-10,-13,-20,22,26,43
1589,592192,589,OF,R,34,NYN,Mark,Canha,,,,,2.07,,,,,1,0,-7,-3,0,14
1590,545341,590,OF,R,31,Col,Randal,Grichuk,,,,,2.1,,,,,-8,-9,-25,18,20,57
1591,660670,591,OF,R,25,Atl,Ronald,Acuna,,,,,2.07,,,,,0,-5,-2,0,13,7
1592,663757,592,OF,L,26,SD,Trent(Clark),Grisham,,,,,2.22,,,,,0,3,5,-1,-9,-16
1593,516782,593,OF,R,34,NYN,Starling,Marte,,,,,2.09,,,,,0,-2,-7,0,5,16
1594,542303,594,OF,R,32,Atl,Marcell,Ozuna,,,,,2.07,,,,,1,-1,9,-1,4,-22
1595,666971,595,OF,R,29,Ari,Lourdes,Gurriel,,,,,2.05,,,,,0,0,-3,0,1,7
1596,666185,596,OF,B,24,StL,Dylan,Carlson,,,,,2.12,,,,,-15,-11,-17,38,28,44
1597,656582,597,OF,R,30,Pit,Connor,Joe,1.85,,,,2.08,,,,,-5,-7,-13,12,14,29
1598,669016,598,OF,L,25,Phi,Brandon,Marsh,,,,,2.15,,,,,6,9,23,-19,-28,-69
1599,673548,599,OF,R,28,ChN,Seiya,Suzuki,,,,,2.09,,,,,-3,-8,-12,8,18,28
1600,671739,600,OF,L,22,Atl,Michael,Harris,,,,,2.19,,,,,8,10,25,-24,-28,-71
1601,592626,601,OF,L,31,SF,Joc,Pederson,,,,,2.01,,,,,3,3,18,-9,-10,-63
1602,669222,602,OF,R,27,Cin,Nick,Senzel,,,,,2.14,,,,,-5,-4,-10,11,10,23
1603,677950,603,OF,L,23,Ari,Alek,Thomas,,,,,2.19,,,,,6,8,19,-18,-24,-59
1604,602074,604,OF,R,29,Col,Yonathan,Daza,,,,,2.13,,,,,-8,-8,-15,17,16,31
1605,621438,605,OF,R,29,Mil,Tyrone,Taylor,,,,,2.14,,,,,-5,-6,-9,11,12,20
1606,645302,606,OF,R,25,Was,Victor,Robles,,,,,2.2,,,,,-7,-11,-12,15,24,28
1607,573131,607,OF,R,36,NYN,Darin,Ruf,1.84,,,,2.03,,,,,-5,-10,-25,9,18,47
1608,541645,608,OF,R,31,Mia,Avisail,Garcia,,,,,2.09,,,,,-3,-10,-10,9,27,26
1609,641933,609,OF,R,27,StL,Tyler,O'Neill,,,,,2.1,,,,,-3,-7,-8,8,19,23
1610,669261,610,OF,L,24,Pit,Jack,Suwinski,,,,,2.11,,,,,10,12,22,-30,-34,-65
1611,650559,611,OF,R,26,Mia,Bryan,DeLaCruz,,,,,2.1,,,,,0,-4,0,-1,9,-1
1612,664983,612,OF,L,25,Ari,Jake,McCarthy,,,,,2.1,,,,,4,7,12,-11,-20,-35
1613,670768,613,OF,L,27,SF,Luis,Gonzalez,,,,,2.08,,,,,7,9,21,-20,-27,-62
1614,660821,614,OF,L,25,Mia,Jesus,Sanchez,,,,,2.13,,,,,5,9,20,-16,-28,-61
1615,663457,615,OF,L,25,StL,Lars,Nootbaar,,,,,2.11,,,,,1,2,10,-3,-6,-33
1616,596103,616,OF,R,30,SF,Austin,Slater,,,,,2.12,,,,,-11,-16,-28,18,25,45
1617,624585,617,OF,R,31,Mia,Jorge,Soler,,,,,2.03,,,,,-3,-5,-19,7,13,46
1618,572816,618,OF,L,33,Was,Corey,Dickerson,,,,,2.05,,,,,8,7,17,-31,-28,-66
1619,571976,619,OF,R,32,Cin,Wil,Myers,1.85,,,,2.08,,,,,-4,-8,-14,9,19,32
1620,656976,620,OF,L,27,Ari,Pavin,Smith,,,,,2.1,,,,,5,7,21,-15,-22,-62
1621,660766,621,OF,R,25,StL,Juan,Yepez,,,,,2.05,,,,,-3,-6,-6,7,14,15
1622,592696,622,OF,L,31,Atl,Eddie,Rosario,,,,,2.07,,,,,3,4,16,-9,-14,-51
1623,641553,623,OF,R,31,SD,Adam,Engel,,,,,2.11,,,,,4,1,-1,-9,-3,2
1624,572204,624,OF,R,32,LAD,Trayce,Thompson,,,,,2.1,,,,,0,-1,-6,-1,3,14
1625,670770,625,OF,L,27,Cin,TJ,Friedl,,,,,2.11,,,,,2,3,10,-7,-11,-35
1626,664774,626,OF,L,29,SF,LaMonte,Wade,1.84,,,,2.06,,,,,8,10,24,-30,-39,-92
1627,571745,627,OF,R,32,SF,Mitch,Haniger,,,,,2.07,,,,,-7,-10,-18,15,23,41
1628,641584,628,OF,L,27,Cin,Jake,Fraley,,,,,2.09,,,,,9,10,25,-27,-31,-80
1629,608841,629,OF,R,30,Was,Joey,Meneses,1.84,,,,2.06,,,,,-6,-7,-17,14,17,38
1630,668709,630,OF,L,25,Mia,JJ,Bleday,,,,,2.13,,,,,4,9,14,-11,-28,-44
1631,656669,631,OF,R,29,Atl,Jordan,Luplow,,,,,2.1,,,,,4,-4,-7,-7,7,13
1632,668751,632,OF,L,24,Pit,Cal,Mitchell,,,,,2.07,,,,,3,7,10,-9,-21,-30
1633,640492,633,OF,R,26,SD,Jose,Azocar,,,,,2.12,,,,,-2,-3,-8,5,5,17
1634,676369,634,OF,R,24,ChN,Nelson,Velazquez,,,,,2.11,,,,,-2,-6,-14,5,14,31
1635,656541,635,OF,L,29,Atl,Sam,Hilliard,,,,,2.11,,,,,3,6,10,-9,-19,-32
1636,592178,636,OF,R,31,Col,Kris,Bryant,,,,,2.08,,,,,-6,-7,-17,14,17,40
1637,595909,637,OF,L,30,Phi,Jake,Cave,,,,,2.1,,,,,4,8,18,-13,-25,-56
1638,572761,638,OF,L,37,SD,Matt,Carpenter,,,,,2.06,,,,,3,5,8,-9,-17,-29
1639,609280,639,OF,R,28,Pit,Miguel,Andujar,,,,,2.07,,,,,-2,-4,-6,5,8,13
1640,669743,640,OF,R,28,Was,Alex,Call,,,,,2.09,,,,,-2,-4,-5,4,9,12
1641,642201,641,OF,R,28,Atl,Eli,White,,,,,2.11,,,,,1,-4,0,-2,8,-1
1642,682998,642,OF,L,22,Ari,Corbin,Carroll,,,,,2.1,,,,,6,8,18,-19,-26,-55
1643,656413,643,OF,R,27,Cin,Stuart,Fairchild,,,,,2.12,,,,,-3,-6,-11,7,12,25
1644,680814,644,OF,R,26,Mia,Peyton,Burdick,,,,,2.11,,,,,-4,-7,-12,10,15,28
1645,656248,645,OF,R,26,Col,Sean,Bouchard,,,,,2.08,,,,,-1,-1,-8,3,3,18
1646,669256,646,OF,R,28,Cin,Nick,Solak,,,,,2.09,,,,,-6,-8,-12,13,17,27
1647,666134,647,OF,L,24,Col,Nolan,Jones,,,,,2.08,,,,,5,7,16,-17,-23,-52
1648,666464,648,OF,R,25,Mia,Jerar,Encarnacion,,,,,2.07,,,,,-3,-6,-8,7,13,17
1649,656448,649,OF,R,27,Was,Stone,Garrett,,,,,2.08,,,,,-6,-7,-14,12,14,31
1650,669003,650,OF,L,24,Mil,Garrett,Mitchell,,,,,2.15,,,,,4,6,15,-13,-20,-49
1651,641786,651,OF,R,27,Ari,Kyle,Lewis,,,,,2.1,,,,,-4,-4,-7,10,9,17
1652,676475,652,OF,L,24,StL,Alec,Burleson,,,,,2.07,,,,,3,5,14,-11,-18,-44
1653,656495,653,OF,R,27,Phi,Dalton,Guthrie,,,,,2.07,,,,,-4,-7,-9,9,15,21
1654,672279,654,OF,L,23,Cin,Michael,Siani,,,,,2.13,,,,,4,5,14,-12,-17,-44
1655,671218,655,OF,R,23,SF,Heliot,Ramos,,,,,2.07,,,,,-3,-6,-8,6,12,18
1656,681546,656,OF,L,25,LAD,James,Outman,,,,,2.07,,,,,5,7,17,-16,-21,-53
1657,680552,657,OF,L,25,Pit,Travis,Swaggerty,,,,,2.1,,,,,5,7,16,-14,-21,-49
1658,665922,658,OF,L,24,Phi,Simon,Muzziotti,,,,,2.1,,,,,4,6,15,-13,-19,-47
1659,675986,659,OF,L,24,Pit,Canaan,Smith-Njigba,,,,,2.1,,,,,4,6,16,-13,-20,-48
1660,666137,660,OF,L,24,NYN,Khalil,Lee,,,,,2.1,,,,,5,6,16,-14,-20,-51
1661,624424,661,OF,L,30,SF,Michael,Conforto,,,,,2.07,,,,,6,6,25,-17,-18,-73
1662,668723,662,OF,R,25,Pit,Ryan,Vilade,,,,,2.1,,,,,-3,-5,-9,6,12,20
1663,686217,663,OF,L,22,Mil,Sal,Frelick,,,,,2.1,,,,,4,6,16,-14,-20,-48
1664,686894,664,OF,R,24,Mil,Joey,Wiemer,,,,,2.1,,,,,-4,-6,-11,8,14,24
1665,,665,OF,R,19,Mil,Jackson,Chourio,,,,,2.1,,,,,-4,-6,-11,8,14,24
1666,675966,666,OF,L,24,Atl,Jesse,Franklin,,,,,2.1,,,,,4,6,16,-14,-20,-48
1667,682634,667,OF,R,20,ChN,Kevin,Alcantara,,,,,2.1,,,,,-4,-6,-11,8,14,24
1668,680695,668,OF,R,23,ChN,Brennen,Davis,,,,,2.1,,,,,-4,-6,-11,8,14,24
1669,683357,669,OF,L,20,ChN,Owen,Caissie,,,,,2.1,,,,,4,6,16,-14,-20,-48
1670,691718,670,OF,L,21,ChN,Pete,Crow-Armstrong,,,,,2.1,,,,,4,6,16,-14,-20,-48
1671,672744,671,OF,R,22,ChN,Alexander,Canario,,,,,2.1,,,,,-4,-6,-11,8,14,24
1672,695481,672,OF,R,20,Cin,Jay,Allen,,,,,2.1,,,,,-4,-6,-11,8,14,24
1673,681624,673,OF,R,22,LAD,Andy,Pages,,,,,2.1,,,,,-4,-6,-11,8,14,24
1674,682947,674,OF,R,22,LAD,Jose,Ramos,,,,,2.1,,,,,-4,-6,-11,8,14,24
1675,,675,OF,L,17,LAD,Josue,DePaula,,,,,2.1,,,,,4,6,16,-14,-20,-48
1676,,676,OF,R,24,LAD,Jonny,Deluca,,,,,2.1,,,,,-4,-6,-11,8,14,24
1677,682707,677,OF,L,21,Was,Jeremy,DeLaRosa,,,,,2.1,,,,,4,6,16,-14,-20,-48
1678,703143,678,OF,B,18,Was,Cristhian,Vaquero,,,,,2.1,,,,,-8,-4,-7,18,11,16
1679,690987,679,OF,L,21,Was,Robert,Hassell,,,,,2.1,,,,,4,6,16,-14,-20,-48
1680,695578,680,OF,L,20,Was,James,Wood,,,,,2.1,,,,,4,6,16,-14,-20,-48
1681,701327,681,OF,R,19,Was,Elijah(round/1/2022/MLB/draft),Green,,,,,2.1,,,,,-4,-6,-11,8,14,24
1682,691267,682,OF,R,20,NYN,Alex,Ramirez(NYN),,,,,2.1,,,,,-4,-6,-11,8,14,24
1683,,683,OF,L,20,NYN,Luis,DeLaCruz,,,,,2.1,,,,,4,6,16,-14,-20,-48
1684,665560,684,OF,R,24,Phi,Jhailyn,Ortiz,,,,,2.1,,,,,-4,-6,-11,8,14,24
1685,679032,685,OF,R,22,Phi,Johan,Rojas,,,,,2.1,,,,,-4,-6,-11,8,14,24
1686,681159,686,OF,L,23,Phi,Ethan,Wilson,,,,,2.1,,,,,4,6,16,-14,-20,-48
1687,,687,OF,L,19,Phi,Jordan,Viars,,,,,2.1,,,,,4,6,16,-14,-20,-48
1688,702222,688,OF,L,19,Phi,Justin(round/1/2022/MLB/draft),Crawford,,,,,2.1,,,,,4,6,16,-14,-20,-48
1689,,689,OF,L,22,Phi,Gabriel(round/3/2022/MLB/draft),Rincones,,,,,2.1,,,,,4,6,16,-14,-20,-48
1690,696145,690,OF,R,20,Pit,Lonnie,White,,,,,2.1,,,,,-4,-6,-11,8,14,24
1691,695491,691,OF,R,19,StL,Joshua,Baez,,,,,2.1,,,,,-4,-6,-11,8,14,24
1692,,692,OF,R,24,StL,Moises,Gomez,,,,,2.1,,,,,-4,-6,-11,8,14,24
1693,687084,693,OF,R,22,SD,Joshua,Mears,,,,,2.1,,,,,-4,-6,-11,8,14,24
1694,,694,OF,L,18,SD,Samuel,Zavala,,,,,2.1,,,,,4,6,16,-14,-20,-48
1695,682641,695,OF,R,21,SF,Luis,Matos,,,,,2.1,,,,,-4,-6,-11,8,14,24
1696,682646,696,OF,L,22,SF,Jairo,Pomares,,,,,2.1,,,,,4,6,16,-14,-20,-48
1697,,697,OF,R,25,SF,Vaun,Brown,,,,,2.1,,,,,-4,-6,-11,8,14,24
1698,,698,OF,L,22,SF,Grant,McCray,,,,,2.1,,,,,4,6,16,-14,-20,-48
1699,691728,699,OF,L,21,Col,Zac,Veen,,,,,2.1,,,,,4,6,16,-14,-20,-48
1700,686668,700,OF,R,24,Col,Brenton,Doyle,,,,,2.1,,,,,-4,-6,-11,8,14,24
1701,695603,701,OF,R,20,Col,Benny,Montgomery,,,,,2.1,,,,,-4,-6,-11,8,14,24
1702,,702,OF,L,21,Col,Sterlin(round/1A/2022/MLB/draft),Thompson,,,,,2.1,,,,,4,6,16,-14,-20,-48
1703,,703,OF,R,21,Col,Jordan(round/1C/2022/MLB/draft),Beck,,,,,2.1,,,,,-4,-6,-11,8,14,24
1704,,704,OF,L,20,Col,Yanquiel,Fernandez,,,,,2.1,,,,,4,6,16,-14,-20,-48
1705,683748,705,OF,B,21,Mia,JuniorVictor,Mesa,,,,,2.1,,,,,-8,-4,-7,18,11,16
1706,,706,OF,R,17,Mia,Jose,Gerardo,,,,,2.1,,,,,-4,-6,-11,8,14,24
1707,,707,OF,L,24,Ari,Dominic,Fletcher,,,,,2.1,,,,,4,6,16,-14,-20,-48
1708,702258,708,OF,R,19,Ari,Druw(round/1/2022/MLB/draft),Jones,,,,,2.1,,,,,-4,-6,-11,8,14,24
1709,,709,OF,B,22,Ari,Jorge,Barrosa,,,,,2.1,,,,,-8,-4,-7,18,11,16
1710,502110,710,DH,R,35,LAD,J.D.,Martinez,,,,,,,,,,-5,-8,-13,11,18,31
1711,443558,711,DH,R,42,SD,Nelson,Cruz,,,,,,,,,,-9,-10,-15,19,22,33
1712,596129,712,DH,L,30,NYN,Daniel,Vogelbach,,,,,,,,,,10,13,28,-34,-49,-96
1713,547180,713,DH,L,30,Phi,Bryce(out/until/July?),Harper,,,,,,,,,,9,7,33,-23,-19,-87
1714,621111,714,P,R,28,LAD,Walker(out/2023),Buehler,,,,,,,,,,,,,,,
1715,661269,715,P,R,27,Cin,Vladimir(out/until/8-23?),Gutierrez,,,,,,,,,,,,,,,
1716,676974,716,P,R,24,Mia,Max(out/until/8-23?),Meyer,,,,,,,,,,,,,,,
1717,592426,717,SR,R,31,SF,Luke(out/until/6-23?),Jackson,,,,,,,,,,,,,,,
1719,682990,719,P,R,22,Pit,Quinn,Priester,,,,,,,,,,,,,,,
1720,608648,720,SR,R,32,ChN,Tyler,Duffey,,,,,,,,,,,,,,,
1721,693310,721,P,L,24,ChN,Burl,Carraway,,,,,,,,,,,,,,,
1722,677565,722,OF,R,22,Ari,Kristian,Robinson,,,,,2.1,,,,,-4,-6,-11,8,14,24
1723,664337,723,P,R,24,SF,Miguel,Yajure,,,,,,,,,,,,,,,
1724,,724,P,R,24,LAD,Nick,Frasso,,,,,,,,,,,,,,,
1725,663911,725,OF,L,26,Cin,Nick,Plummer,,,,,2.07,,,,,6,7,19,-17,-22,-57
1727,695534,727,P,R,19,Cin,Chase,Petty,,,,,,,,,,,,,,,