"Rank","Name","Team","Age","Position","ETA","ETA.Time"
1,"Jackson Holliday","BAL",20,"SS",2024,"Early"
2,"Wyatt Langford","TEX",22,"OF",2024,"Early"
3,"Junior Caminero","TB",20,"3B",2023,"Late"
4,"Jackson Chourio","MIL",20,"OF",2024,"Early"
5,"Evan Carter","TEX",21,"OF",2023,"Late"
6,"Dylan Crews","WSH",22,"OF",2024,"Mid"
7,"Paul Skenes","PIT",22,"P",2024,"Early"
8,"Walker Jenkins","MIN",19,"OF",2025,"Mid"
9,"Jordan Lawlar","ARI",21,"SS",2023,"Late"
10,"Jasson Dominguez","NYY",21,"OF",2023,"Late"
11,"James Wood","WSH",21,"OF",2024,"Mid"
12,"Samuel Basallo","BAL",19,"C/1B",2024,"Late"
13,"Coby Mayo","BAL",22,"3B",2024,"Early"
14,"Colt Keith","DET",22,"3B",2024,"Early"
15,"Noelvi Marte","CIN",22,"SS/3B",2023,"Late"
16,"Andrew Painter","PHI",21,"P",2025,"Mid"
17,"Ethan Salas","SD",18,"C",2025,"Early"
18,"Emmanuel Rodriguez","MIN",21,"OF",2024,"Late"
19,"Pete Crow-Armstrong","CHC",22,"OF",2023,"Late"
20,"Ricky Tiedemann","TOR",21,"P",2024,"Mid"
21,"Jackson Jobe","DET",21,"P",2024,"Late"
22,"Adael Amador","COL",21,"SS",2024,"Mid"
23,"Lazaro Montes","SEA",19,"OF",2025,"Mid"
24,"Matt Shaw","CHC",22,"2B/3B",2024,"Late"
25,"Kyle Manzardo","CLE",23,"1B",2024,"Early"
26,"Jackson Merrill","SD",21,"SS",2024,"Mid"
27,"Roman Anthony","BOS",20,"OF",2024,"Late"
28,"Cade Horton","CHC",22,"P",2024,"Mid"
29,"Mason Miller","OAK",25,"P",2023,"Early"
30,"Max Clark","DET",19,"OF",2025,"Late"
31,"Chase DeLauter","CLE",22,"OF",2024,"Late"
32,"Curtis Mead","TB",23,"3B",2023,"Late"
33,"Kyle Harrison","SF",22,"P",2023,"Late"
34,"Xavier Isaac","TB",20,"1B",2025,"Mid"
35,"Tyler Black","MIL",23,"3B/2B",2024,"Mid"
36,"Jett Williams","NYM",20,"SS",2024,"Mid"
37,"Hurston Waldrep","ATL",22,"P",2024,"Late"
38,"Colt Emerson","SEA",18,"SS",2025,"Mid"
39,"Colson Montgomery","CHW",22,"SS",2024,"Mid"
40,"Termarr Johnson","PIT",20,"2B",2025,"Early"
41,"Samuel Zavala","SD",19,"OF",2025,"Late"
42,"Heston Kjerstad","BAL",25,"OF",2023,"Late"
43,"Marcelo Mayer","BOS",21,"SS",2024,"Mid"
44,"Masyn Winn","STL",22,"SS",2023,"Late"
45,"Owen Caissie","CHC",21,"OF",2024,"Mid"
46,"Chase Hampton","NYY",22,"P",2024,"Mid"
47,"Jake Misiorowski","MIL",22,"P",2024,"Mid"
48,"Robby Snelling","SD",20,"P",2024,"Mid"
49,"Ronny Mauricio","NYM",23,"SS",2023,"Late"
50,"Colton Cowser","BAL",24,"OF",2023,"Mid"
51,"Drew Thorpe","SD",23,"P",2024,"Mid"
52,"Cole Young","SEA",20,"SS",2025,"Early"
53,"Brady House","WSH",21,"3B",2024,"Mid"
54,"Ryan Clifford","NYM",20,"OF",2025,"Early"
55,"Brock Wilken","MIL",22,"3B/1B",2024,"Late"
56,"Noah Schultz","CHW",20,"P",2025,"Mid"
57,"Orelvis Martinez","TOR",22,"SS",2024,"Mid"
58,"Carson Williams","TB",21,"SS",2024,"Late"
59,"Harry Ford","SEA",21,"C/OF",2025,"Early"
60,"Drew Gilbert","NYM",23,"OF",2024,"Late"
61,"Abimelec Ortiz","TEX",22,"OF",2025,"Late"
62,"AJ Smith-Shawver","ATL",21,"P",2023,"Mid"
63,"Sebastian Walcott","TEX",18,"SS",2025,"Mid"
64,"Gabriel Gonzalez","MIN",20,"OF",2025,"Early"
65,"Tommy Troy","ARI",22,"SS",2025,"Mid"
66,"DL Hall","MIL",25,"P",2022,"Late"
67,"Thomas Saggese","STL",22,"2B",2024,"Late"
68,"Nolan Schanuel","LAA",22,"1B",2023,"Late"
69,"Dalton Rushing","LAD",23,"C",2024,"Late"
70,"Gavin Stone","LAD",25,"P",2023,"Early"
71,"Victor Scott II","STL",23,"OF",2024,"Mid"
72,"Kevin Alcantara","CHC",21,"OF",2024,"Mid"
73,"Noble Meyer","MIA",19,"P",2025,"Late"
74,"Josue De Paula","LAD",19,"OF",2026,"Mid"
75,"Max Meyer","MIA",25,"P",2022,"Mid"
76,"Carlos Jorge","CIN",20,"2B",2025,"Mid"
77,"Dylan Lesko","SD",20,"P",2025,"Late"
78,"Leodalis De Vries","SD",17,"SS",2027,"Early"
79,"Brooks Lee","MIN",23,"SS",2024,"Mid"
80,"Kyle Teel","BOS",22,"C",2025,"Early"
81,"Bryce Eldridge","SF",19,"1B",2026,"Mid"
82,"Graham Pauley","SD",23,"3B",2024,"Mid"
83,"Spencer Jones","NYY",23,"OF",2024,"Late"
84,"Jared Jones","PIT",22,"P",2024,"Mid"
85,"Ceddanne Rafaela","BOS",23,"OF",2023,"Late"
86,"Christian Scott","NYM",25,"P",2024,"Late"
87,"Jonatan Clase","SEA",22,"OF",2024,"Late"
88,"Luisangel Acuna","NYM",22,"SS/2B",2024,"Mid"
89,"Roderick Arias","NYY",19,"SS",2026,"Early"
90,"Tekoah Roby","STL",22,"P",2024,"Mid"
91,"Ricardo Cabrera","CIN",19,"SS",2025,"Late"
92,"Moises Ballesteros","CHC",20,"C",2025,"Late"
93,"Blaze Jordan","BOS",21,"1B/3B",2024,"Mid"
94,"Druw Jones","ARI",20,"OF",2026,"Mid"
95,"Jace Jung","DET",23,"2B",2024,"Mid"
96,"Michael Busch","CHC",26,"1B/3B",2023,"Early"
97,"Jeferson Quero","MIL",21,"C",2024,"Mid"
98,"Enrique Bradfield Jr.","BAL",22,"OF",2025,"Early"
99,"Sal Stewart","CIN",20,"3B",2024,"Late"
100,"Luis Baez","HOU",20,"OF",2026,"Early"
101,"Andy Pages","LAD",23,"OF",2024,"Mid"
102,"Parker Meadows","DET",24,"OF",2023,"Late"
103,"Tink Hence","STL",21,"P",2024,"Late"
104,"Luke Adams","MIL",20,"3B",2025,"Late"
105,"Thayron Liranzo","LAD",20,"C",2025,"Mid"
106,"Mason Black","SF",24,"P",2024,"Mid"
107,"Connor Phillips","CIN",23,"P",2023,"Late"
108,"Joseph Ortiz","MIL",25,"SS/2B",2023,"Mid"
109,"Tyler Locklear","SEA",23,"1B/3B",2024,"Late"
110,"Yu-Min Lin","ARI",20,"P",2024,"Late"
111,"Echedry Vargas","TEX",19,"2B",2025,"Mid"
112,"Rhett Lowder","CIN",22,"P",2024,"Mid"
113,"Connor Norby","BAL",24,"2B",2024,"Early"
114,"John Cruz","NYY",18,"OF",2026,"Late"
115,"Edgar Quero","CHW",21,"C",2024,"Late"
116,"Bubba Chandler","PIT",21,"P",2025,"Early"
117,"Kyle Hurt","LAD",26,"P",2023,"Late"
118,"Hector Rodriguez","CIN",20,"2B/OF",2025,"Late"
119,"Carson Whisenhunt","SF",23,"P",2024,"Late"
120,"Justin Crawford","PHI",20,"OF",2025,"Early"
121,"Joendry Vargas","LAD",18,"SS",2026,"Mid"
122,"Chase Petty","CIN",21,"P",2024,"Mid"
123,"Jakob Marsee","SD",23,"OF",2024,"Late"
124,"Nelson Rada","LAA",18,"OF",2026,"Mid"
125,"Aidan Miller","PHI",20,"3B",2026,"Mid"
126,"Marco Luciano","SF",22,"SS",2023,"Late"
127,"Lawrence Butler","OAK",23,"1B/OF",2023,"Late"
128,"Ben Brown","CHC",24,"P",2024,"Early"
129,"Dylan Beavers","BAL",22,"OF",2024,"Late"
130,"Yanquiel Fernandez","COL",21,"OF",2025,"Mid"
131,"Jacob Melton","HOU",23,"OF",2024,"Late"
132,"Robert Gasser","MIL",25,"P",2024,"Mid"
133,"Walker Martin","SF",20,"SS",2026,"Late"
134,"Ben Rice","NYY",25,"C",2024,"Mid"
135,"Arjun Nimmala","TOR",18,"SS",2027,"Mid"
136,"Felnin Celesten","SEA",18,"SS",2027,"Mid"
137,"Austin Wells","NYY",24,"C",2023,"Late"
138,"Brayan Rocchio","CLE",23,"SS/2B",2023,"Early"
139,"Luis Lara","MIL",19,"OF",2026,"Early"
140,"Brayden Taylor","TB",22,"SS/3B",2026,"Mid"
141,"Rayner Arias","SF",18,"OF",2026,"Late"
142,"Everson Pereira","NYY",23,"OF",2023,"Late"
143,"Bryan Ramos","CHW",22,"3B",2024,"Mid"
144,"Henry Lalane","NYY",20,"P",2025,"Late"
145,"Keiner Delgado","NYY",20,"SS",2025,"Mid"
146,"Brock Porter","TEX",21,"P",2026,"Early"
147,"Kevin McGonigle","DET",19,"SS",2026,"Mid"
148,"Blake Dunn","CIN",25,"OF",2024,"Mid"
149,"Mick Abel","PHI",22,"P",2024,"Mid"
150,"James Triantos","CHC",21,"3B/2B",2024,"Mid"
151,"Hunter Goodman","COL",24,"C/OF",2023,"Late"
152,"Eduardo Quintero","LAD",18,"OF",2026,"Late"
153,"Daniel Espino","CLE",23,"P",2025,"Late"
154,"Wilmer Flores","DET",23,"P",2024,"Mid"
155,"Justyn-Henry Malloy","DET",24,"3B/OF",2024,"Early"
156,"Jordan Beck","COL",23,"OF",2024,"Late"
157,"Zach Dezenzo","HOU",24,"3B",2024,"Late"
158,"Kumar Rocker","TEX",24,"P",2025,"Late"
159,"Wilyer Abreu","BOS",25,"OF",2023,"Mid"
160,"Will Warren","NYY",25,"P",2024,"Mid"
161,"Sawyer Gipson-Long","DET",26,"P",2023,"Late"
162,"Jairo Iriarte","SD",22,"P",2024,"Early"
163,"Addison Barger","TOR",24,"2B/3B",2024,"Early"
164,"Chase Davis","STL",22,"OF",2025,"Early"
165,"Alexander Canario","CHC",24,"OF",2023,"Late"
166,"David Festa","MIN",24,"P",2024,"Mid"
167,"Miguel Bleis","BOS",20,"OF",2025,"Late"
168,"Welbyn Francisca","CLE",18,"SS",2027,"Early"
169,"River Ryan","LAD",25,"P",2024,"Early"
170,"Nick Nastrini","CHW",24,"P",2024,"Early"
171,"Jose Perdomo","ATL",17,"SS",2027,"Early"
172,"Brandon Barriera","TOR",20,"P",2025,"Late"
173,"Sterlin Thompson","COL",23,"OF",2024,"Late"
174,"Jefferson Rojas","CHC",19,"SS",2027,"Late"
175,"Edwin Arroyo","CIN",20,"SS",2024,"Late"
176,"Cade Povich","BAL",24,"P",2024,"Mid"
177,"Cade Cavalli","WSH",25,"P",2022,"Mid"
178,"Ignacio Alvarez","ATL",21,"3B",2025,"Late"
179,"Jud Fabian","BAL",23,"OF",2024,"Late"
180,"Justin Foscue","TEX",25,"2B/3B",2024,"Early"
181,"Tai Peete","SEA",18,"SS",2026,"Mid"
182,"Ivan Melendez","ARI",24,"1B",2024,"Late"
183,"Mike Vasil","NYM",24,"P",2024,"Mid"
184,"Ryan Bliss","SEA",24,"2B/SS",2024,"Late"
185,"Darell Hernaiz","OAK",22,"SS",2024,"Early"
186,"Michael Arroyo","SEA",19,"SS",2025,"Mid"
187,"Cam Collier","CIN",19,"3B",2025,"Late"
188,"Dillon Head","SD",19,"OF",2026,"Late"
189,"Ramon Ramirez","KC",19,"C",2027,"Mid"
190,"Diego Cartaya","LAD",22,"C",2024,"Late"
191,"Payton Martin","LAD",20,"P",2024,"Late"
192,"George Lombard Jr.","NYY",19,"SS",2026,"Mid"
193,"Juan Brito","CLE",22,"2B",2025,"Early"
194,"Joe Boyle","OAK",24,"P",2023,"Late"
195,"Jack Leiter","TEX",24,"P",2024,"Mid"
196,"Kyren Paris","LAA",22,"SS/2B",2023,"Late"
197,"Jun-Seok Shim","PIT",20,"P",2026,"Late"
198,"Ty Madden","DET",24,"P",2024,"Late"
199,"Wikelman Gonzalez","BOS",22,"P",2024,"Late"
200,"Justice Bigbie","DET",25,"OF",2024,"Mid"
201,"Chase Meidroth","BOS",22,"2B",2024,"Mid"
202,"Joey Loperfido","HOU",25,"2B/OF",2024,"Early"
203,"Agustin Ramirez","NYY",22,"C",2024,"Late"
204,"Clayton Beeter","NYY",25,"P",2024,"Mid"
205,"Jorbit Vivas","NYY",23,"2B",2024,"Early"
206,"Jonny Farmelo","SEA",19,"OF",2027,"Late"
207,"Enmanuel Tejeda","NYY",19,"SS",2026,"Mid"
208,"Jacob Wilson","OAK",22,"SS",2025,"Early"
209,"Jonny DeLuca","TB",25,"OF",2023,"Mid"
210,"Brice Matthews","HOU",22,"SS",2025,"Early"
211,"Austin Shenton","TB",26,"3B",2024,"Mid"
212,"Chase Dollander","COL",22,"P",2025,"Mid"
213,"Robert Calaz","COL",18,"OF",2026,"Mid"
214,"Jackson Ferris","LAD",20,"P",2025,"Late"
215,"Chayce McDermott","BAL",25,"P",2024,"Mid"
216,"Denzel Clarke","OAK",24,"OF",2024,"Mid"
217,"Richard Fitts","BOS",24,"P",2024,"Mid"
218,"Braylin Tavera","BAL",19,"OF",2026,"Mid"
219,"Joey Cantillo","CLE",24,"P",2024,"Early"
220,"Dustin Harris","TEX",24,"OF",2024,"Mid"
221,"Zac Veen","COL",22,"OF",2024,"Early"
222,"Jansel Luis","ARI",19,"SS",2027,"Early"
223,"Trey Sweeney","LAD",24,"SS",2024,"Mid"
224,"Thomas Harrington","PIT",22,"P",2024,"Late"
225,"Matt Mervis","CHC",26,"1B",2023,"Early"
226,"Cooper Hjerpe","STL",23,"P",2025,"Mid"
227,"Thomas White","MIA",19,"P",2026,"Mid"
228,"Nick Yorke","BOS",22,"2B",2025,"Early"
229,"Colin Houck","NYM",19,"SS/3B",2026,"Early"
230,"Josue Briceno","DET",19,"C",2025,"Late"
231,"Austin Charles","KC",20,"SS",2026,"Mid"
232,"Cristhian Vaquero","WSH",19,"OF",2026,"Early"
233,"Luken Baker","STL",27,"1B",2023,"Mid"
234,"Tsung-Che Cheng","PIT",22,"2B",2024,"Late"
235,"Hayden Birdsong","SF",22,"P",2024,"Mid"
236,"Nick Frasso","LAD",25,"P",2025,"Mid"
237,"Jarlin Susana","WSH",20,"P",2025,"Mid"
238,"Anthony Solometo","PIT",21,"P",2024,"Late"
239,"Jaison Chourio","CLE",19,"OF",2026,"Mid"
240,"Hao Yu Lee","DET",21,"2B/SS",2025,"Mid"
241,"Jordan Wicks","CHC",24,"P",2023,"Late"
242,"Orion Kerkering","PHI",23,"P",2023,"Late"
243,"Zack Showalter","STL",20,"P",2025,"Mid"
244,"Noah Cameron","KC",24,"P",2024,"Mid"
245,"Mac Horvath","BAL",22,"OF",2025,"Late"
246,"Caden Dana","LAA",20,"P",2025,"Mid"
247,"Cristian Mena","ARI",21,"P",2024,"Mid"
248,"Marco Raya","MIN",21,"P",2025,"Mid"
249,"Jeral Perez","LAD",19,"SS",2026,"Late"
250,"Ronan Kopp","LAD",21,"P",2025,"Early"
251,"Mitch Bratt","TEX",20,"P",2025,"Mid"
252,"Jacob Gonzalez","CHW",22,"SS",2025,"Early"
253,"Sammy Stafura","CIN",19,"SS",2027,"Mid"
254,"Nathan Martorella","SD",23,"1B",2024,"Late"
255,"Charlee Soto","MIN",18,"P",2026,"Late"
256,"Fernando Cruz","CHC",16,"SS",2027,"Late"
257,"Ty Floyd","CIN",22,"P",2025,"Early"
258,"JR Ritchie","ATL",21,"P",2025,"Late"
259,"Tanner Schobel","MIN",23,"2B/3B",2025,"Early"
260,"Mason Montgomery","TB",24,"P",2024,"Late"
261,"Blade Tidwell","NYM",23,"P",2024,"Mid"
262,"Wade Meckler","SF",24,"OF",2023,"Late"
263,"Rece Hinds","CIN",23,"OF",2024,"Late"
264,"Eric Brown","MIL",23,"SS",2025,"Mid"
265,"Won-Bin Cho","STL",20,"OF",2025,"Mid"
266,"Brainer Bonaci","BOS",21,"SS",2025,"Late"
267,"Jose Rodriguez - CHW","CHW",23,"SS/2B",2023,"Late"
268,"George Valera","CLE",23,"OF",2024,"Late"
269,"Yohandy Morales","WSH",22,"3B",2025,"Early"
270,"Kahlil Watson","CLE",21,"SS",2025,"Mid"
271,"Troy Melton","DET",23,"P",2024,"Mid"
272,"Victor Bericoto","SF",22,"1B/OF",2024,"Mid"
273,"Alfredo Duno","CIN",18,"C",2026,"Early"
274,"Osleivis Basabe","TB",23,"2B/SS",2023,"Late"
275,"Gordon Graceffo","STL",24,"P",2024,"Early"
276,"Yordanny Monegro","BOS",21,"P",2026,"Late"
277,"Isaac Coffey","BOS",24,"P",2025,"Mid"
278,"Kevin Parada","NYM",22,"C",2025,"Late"
279,"Dax Fulton","MIA",22,"P",2024,"Late"
280,"Colton Ledbetter","TB",22,"OF",2025,"Mid"
281,"Yophery Rodriguez","MIL",18,"OF",2027,"Late"
282,"Jhancarlos Lara","ATL",21,"P",2025,"Late"
283,"Ralphy Velazquez","CLE",19,"C",2026,"Late"
284,"Royber Salinas","OAK",23,"P",2024,"Mid"
285,"Leonardo Balcazar","CIN",20,"SS",2025,"Late"
286,"Landon Knack","LAD",26,"P",2024,"Mid"
287,"Cooper Pratt","MIL",19,"SS",2026,"Mid"
288,"Damiano Palmegiani","TOR",24,"1B",2024,"Mid"
289,"Nehomar Ochoa Jr.","HOU",18,"OF",2026,"Late"
290,"Brando Mayea","NYY",18,"OF",2028,"Mid"
291,"Santiago Suarez","TB",19,"P",2025,"Early"
292,"Nazzan Zanetello","BOS",19,"SS/3B",2027,"Late"
293,"Kristian Robinson","ARI",23,"OF",2025,"Mid"
294,"Marco Vargas","NYM",19,"2B",2027,"Mid"
295,"Cayden Wallace","KC",22,"3B",2024,"Early"
296,"Cristofer Torin","ARI",19,"2B",2027,"Mid"
297,"Josh Stephan","TEX",22,"P",2025,"Mid"
298,"Elijah Green","WSH",20,"OF",2026,"Mid"
299,"Luis Suisbel","SEA",21,"1B",2025,"Late"
300,"Leonardo Bernal","STL",20,"C",2025,"Mid"
301,"Yeremi Cabrera","TEX",18,"OF",2027,"Mid"
302,"A.J. Vukovich","ARI",22,"OF/3B",2024,"Mid"
303,"Carlos F. Rodriguez","MIL",22,"P",2026,"Early"
304,"Kenedy Corona","HOU",24,"OF",2024,"Mid"
305,"Colton Gordon","HOU",25,"P",2024,"Early"
306,"Josh Knoth","MIL",18,"P",2026,"Late"
307,"Cade Marlowe","SEA",27,"OF",2023,"Late"
308,"Owen Murphy","ATL",20,"P",2025,"Early"
309,"Blake Mitchell","KC",19,"C",2026,"Early"
310,"Cole Carrigg","COL",22,"C",2025,"Late"
311,"Paulino Santana","TEX",17,"OF",2027,"Late"
312,"Kala'i Rosario","MIN",21,"OF",2025,"Early"
313,"David Sandlin","BOS",23,"P",2024,"Late"
314,"Chris Newell","LAD",23,"OF",2025,"Mid"
315,"Ryan Ritter","COL",23,"SS",2025,"Mid"
316,"Frank Mozzicato","KC",21,"P",2024,"Mid"
317,"Luis Morales","OAK",21,"P",2025,"Mid"
318,"Alex Clemmey","CLE",18,"P",2026,"Late"
319,"Alejandro Osuna","TEX",21,"OF",2024,"Mid"
320,"Dylan O'Rae","MIL",20,"SS/3B",2026,"Mid"
321,"Dawel Joseph","SEA",17,"SS",2027,"Late"
322,"Dyan Jorge","COL",21,"SS",2026,"Late"
323,"Landen Roupp","SF",25,"P",2024,"Early"
324,"Blake Wolters","KC",19,"P",2026,"Early"
325,"Bryan Rincon","PHI",20,"SS",2025,"Late"
326,"Daylen Lile","WSH",21,"OF",2025,"Early"
327,"Luis Guanipa","ATL",18,"SS",2028,"Mid"
328,"Deyvison De Los Santos","CLE",21,"3B",2024,"Late"
329,"Homer Bush Jr.","SD",22,"OF",2025,"Early"
330,"Spencer Arrighetti","HOU",24,"P",2024,"Mid"
331,"Landon Sims","ARI",23,"P",2025,"Mid"
332,"Adam Mazur","SD",23,"P",2024,"Mid"
333,"Johnathan Rodriguez","CLE",24,"OF",2024,"Mid"
334,"Oswaldo Osorio","LAD",19,"3B/SS",2026,"Late"
335,"Jake Eder","CHW",25,"P",2024,"Mid"
336,"Patrick Monteverde","MIA",26,"P",2024,"Mid"
337,"Zach Cole","HOU",23,"OF",2025,"Mid"
338,"Gino Groover","ARI",22,"3B",2026,"Early"
339,"Tre' Morgan","TB",21,"1B",2026,"Early"
340,"Brock Jones","TB",23,"OF",2025,"Mid"
341,"Gavin Cross","KC",23,"OF",2024,"Late"
342,"Adolfo Sanchez","CIN",17,"OF",2027,"Late"
343,"DJ Herz","WSH",23,"P",2024,"Late"
344,"Jhonkensy Noel","CLE",22,"1B/OF",2024,"Mid"
345,"Aaron Zavala","TEX",24,"OF",2024,"Mid"
346,"Troy Johnston","MIA",27,"1B",2024,"Mid"
347,"Angel Bastardo","BOS",22,"P",2024,"Late"
348,"Haydn McGeary","CHC",24,"1B",2024,"Late"
349,"Yeiner Fernandez","LAD",21,"C/2B",2025,"Mid"
350,"Ricardo Yan","ARI",21,"P",2026,"Early"
351,"Luke Keaschall","MIN",21,"2B/3B",2025,"Early"
352,"Grant McCray","SF",23,"OF",2024,"Late"
353,"Lonnie White Jr.","PIT",21,"OF",2025,"Late"
354,"Austin Martin","MIN",25,"3B/OF",2024,"Mid"
355,"Maddux Bruns","LAD",22,"P",2025,"Mid"
356,"Travis Sykora","WSH",20,"P",2025,"Late"
357,"Joe Whitman","SF",22,"P",2025,"Early"
358,"Chandler Simpson","TB",23,"OF",2025,"Mid"
359,"Rayne Doncon","LAD",20,"2B/SS",2025,"Mid"
360,"Connor Prielipp","MIN",23,"P",2025,"Mid"
361,"Wilfredo Lara","NYM",20,"3B",2026,"Early"
362,"Nikau Pouaka-Grego","PHI",19,"2B",2026,"Early"
363,"Javier Mogollon","CHW",18,"2B/SS",2027,"Late"
364,"Jacob Lopez","TB",26,"P",2023,"Mid"
365,"Kendall George","LAD",19,"OF",2027,"Early"
366,"Michael McGreevy","STL",23,"P",2024,"Mid"
367,"Sixto Sanchez","MIA",25,"P",2020,"Late"
368,"Robert Hassell III","WSH",22,"OF",2024,"Mid"
369,"Wenceel Perez","DET",24,"SS",2024,"Early"
370,"Waner Luciano","HOU",19,"3B",2026,"Mid"
371,"Shane Sasaki","TB",23,"OF",2024,"Late"
372,"Jacob Hurtubise","CIN",26,"OF",2024,"Early"
373,"Alexander Albertus","LAD",19,"2B/3B/SS",2027,"Early"
374,"Rafael Ramirez Jr.","CLE",18,"SS",2026,"Late"
375,"Andres Chaparro","ARI",25,"3B",2024,"Late"
376,"Christopher Familia","NYY",24,"OF",2024,"Late"
377,"Jorge Barrosa","ARI",23,"OF",2024,"Late"
378,"Jared Serna","NYY",22,"2B",2024,"Late"
379,"Brandon Walter","BOS",27,"P",2023,"Mid"
380,"Jose Corniell","TEX",21,"P",2025,"Mid"
381,"Daniel Pena","MIN",19,"C/1B",2026,"Mid"
382,"Enmanuel Bonilla","TOR",18,"OF",2028,"Late"
383,"Justin Wrobleski","LAD",23,"P",2025,"Late"
384,"Jace Avina","MIL",21,"OF",2025,"Early"
385,"Juan Baez","MIL",19,"SS",2026,"Late"
386,"Ben Joyce","LAA",23,"P",2023,"Mid"
387,"Spencer Horwitz","TOR",26,"1B",2023,"Late"
388,"Starlyn Caba","PHI",18,"SS",2028,"Early"
389,"Parker Messick","CLE",23,"P",2025,"Mid"
390,"Alexander Ramirez - NYM","NYM",21,"OF",2025,"Mid"
391,"Emerson Hancock","SEA",25,"P",2023,"Late"
392,"Nick Loftin","KC",25,"SS",2023,"Late"
393,"Michael Burrows","PIT",24,"P",2024,"Late"
394,"Walter Ford","SEA",19,"P",2026,"Mid"
395,"Prelander Berroa","CHW",24,"P",2023,"Late"
396,"Vaun Brown","SF",26,"OF",2024,"Late"
397,"Adrian Santana","TB",18,"SS",2027,"Late"
398,"Owen White","TEX",24,"P",2023,"Mid"
399,"Shane Drohan","CHW",25,"P",2024,"Mid"
400,"Cade Kuehler","ATL",22,"P",2025,"Mid"
401,"Brock Selvidge","NYY",21,"P",2024,"Late"
402,"Braylin Morel","TEX",18,"OF",2026,"Late"
403,"Johanfran Garcia","BOS",19,"C",2027,"Late"
404,"Ruben Santana","ARI",19,"3B",2027,"Early"
405,"Logan Henderson","MIL",22,"P",2025,"Mid"
406,"Will Wagner","HOU",25,"2B/3B",2024,"Late"
407,"Jake Gelof","LAD",22,"2B",2025,"Mid"
408,"Drue Hackenberg","ATL",22,"P",2025,"Late"
409,"Teddy Sharkey","BAL",22,"P",2026,"Mid"
410,"Keaton Winn","SF",26,"P",2023,"Mid"
411,"William Bergolla","PHI",19,"SS",2026,"Mid"
412,"Cristian Santana","DET",20,"SS/2B",2025,"Early"
413,"Drew Rom","STL",24,"P",2022,"Late"
414,"Brant Hurter","DET",25,"P",2024,"Late"
415,"Hunter Barco","PIT",23,"P",2026,"Early"
416,"Adam Serwinowski","CIN",20,"P",2026,"Mid"
417,"Allan Winans","ATL",28,"P",2023,"Late"
418,"Carter Jensen","KC",20,"C",2025,"Mid"
419,"Emaarion Boyd","PHI",20,"OF",2026,"Mid"
420,"Isaiah Lowe","SD",21,"P",2027,"Early"
421,"Christian McGowan","PHI",24,"P",2025,"Mid"
422,"Jaime Melendez","HOU",22,"P",2024,"Late"
423,"Gabriel Rincones Jr.","PHI",23,"OF",2025,"Early"
424,"Wen Hui Pan","PHI",21,"P",2026,"Mid"
425,"Gabriel Hughes","COL",22,"P",2025,"Mid"
426,"Luke Little","CHC",23,"P",2024,"Mid"
427,"Jaden Hamm","DET",21,"P",2026,"Mid"
428,"Trystan Vrieling","NYY",23,"P",2025,"Late"
429,"Riley Frey","ATL",22,"P",2026,"Mid"
430,"Max Wagner","BAL",22,"3B",2024,"Mid"
431,"Jhonny Severino","PIT",19,"SS",2027,"Late"
432,"Luis Gil","NYY",26,"P",2021,"Late"
433,"Sandy Mejia","HOU",20,"P",2025,"Late"
434,"Eguy Rosario","SD",24,"2B",2023,"Mid"
435,"Yovanny Rodriguez","NYM",17,"C",2028,"Mid"
436,"Niko Kavadas","BOS",25,"1B",2024,"Late"
437,"Leonel Sequera","STL",18,"P",2027,"Mid"
438,"Jacob Reimer","NYM",20,"3B",2025,"Late"
439,"Shawn Dubin","HOU",28,"P",2023,"Late"
440,"David Davalillo","TEX",21,"P",2027,"Late"
441,"Gabriel Martinez","TOR",21,"OF",2024,"Mid"
442,"Tucker Toman","TOR",20,"SS",2026,"Early"
443,"Hendry Mendez","MIL",20,"OF",2024,"Late"
444,"Daiber De Los Santos","MIN",17,"SS",2028,"Mid"
445,"Christian Cerda","ARI",21,"C",2025,"Late"
446,"Jackson Wolf","PIT",25,"P",2023,"Late"
447,"Zander Mueth","PIT",18,"P",2026,"Early"
448,"Pedro Ramirez","CHC",20,"2B/3B",2025,"Mid"
449,"Luis Perales","BOS",21,"P",2025,"Mid"
450,"Julian Aguiar","CIN",23,"P",2025,"Late"
451,"Reid VanScoter","SEA",25,"P",2025,"Mid"
452,"Ben Casparius","LAD",25,"P",2024,"Late"
453,"Ben Williamson","SEA",23,"3B",2025,"Mid"
454,"Sean Sullivan","PIT",23,"P",2024,"Late"
455,"Aneudis Mordan","BAL",20,"C/1B",2025,"Late"
456,"Tanner Burns","CLE",25,"P",2023,"Early"
457,"Manuel Medina","MIA",22,"P",2026,"Early"
458,"Jorge Ruiz","LAA",20,"OF",2026,"Early"
459,"Brandon Winokur","MIN",19,"OF",2026,"Late"
460,"Alberto Rodriguez","SEA",23,"OF",2025,"Late"
461,"Adam Kloffenstein","STL",23,"P",2024,"Late"
462,"Wilfred Veras","CHW",21,"1B/3B",2026,"Mid"
463,"Danny Serretti","DET",24,"SS/2B",2024,"Mid"
464,"Yunior Severino","MIN",24,"3B",2024,"Mid"
465,"Aaron Palensky","NYY",25,"OF",2024,"Late"
466,"Nathan Hickey","BOS",24,"C",2024,"Late"
467,"Jack Brannigan","PIT",23,"3B",2024,"Late"
468,"Roni Cabrera","KC",18,"OF",2027,"Late"
469,"Emiliano Teodo","TEX",23,"P",2025,"Late"
470,"Juan Carela","CHW",22,"P",2025,"Mid"
471,"Drake Baldwin","ATL",23,"C",2024,"Late"
472,"Michael Arias","CHC",22,"P",2025,"Mid"
473,"Eddys Leonard","DET",23,"2B",2023,"Mid"
474,"Sean Bouchard","COL",28,"OF",2022,"Mid"
475,"Seth Johnson","BAL",25,"P",2024,"Mid"
476,"Jeter Martinez","SEA",18,"P",2027,"Late"
477,"Malcom Nunez","PIT",23,"1B",2024,"Mid"
478,"Leo Jimenez","TOR",23,"SS/2B",2024,"Mid"
479,"Yoeilin Cespedes","BOS",18,"SS",2028,"Early"
480,"Victor Arias","TOR",20,"OF",2025,"Mid"
481,"Jorge Quintana","MIL",17,"SS",2028,"Early"
482,"Marcos Torres","TEX",19,"1B/OF",2028,"Late"
483,"Moises Gomez","STL",25,"OF",2024,"Early"
484,"Andrew Cossetti","MIN",24,"C",2025,"Early"
485,"Enmanuel Valdez","BOS",25,"2B/3B",2023,"Early"
486,"Franklin Gomez","NYM",18,"P",2025,"Late"
487,"Austin Gauthier","LAD",25,"SS/2B",2024,"Late"
488,"Jeffry Rosa","NYM",19,"OF",2027,"Early"
489,"Myles Naylor","OAK",19,"SS",2027,"Mid"
490,"Brent Headrick","MIN",26,"P",2023,"Early"
491,"Johnfrank Salazar","BOS",18,"3B",2026,"Early"
492,"Jake Bennett","WSH",23,"P",2025,"Early"
493,"T.J. White","WSH",20,"1B/OF",2026,"Early"
494,"Jonathon Long","CHC",22,"1B/3B",2025,"Late"
495,"Connelly Early","BOS",22,"P",2026,"Early"
496,"Logan Martin","KC",22,"P",2026,"Early"
497,"Alan Roden","TOR",24,"OF",2024,"Late"
498,"Nick Schwartz","OAK",23,"C",2025,"Mid"
499,"Trevor Werner","KC",23,"3B",2026,"Mid"
500,"Cesar Prieto","STL",25,"2B/SS",2024,"Early"
501,"Brian Kalmer","CHC",23,"1B",2025,"Mid"
502,"Creed Willems","BAL",21,"C",2025,"Mid"
503,"Michael Kennedy","PIT",19,"P",2027,"Mid"
504,"Matthew Etzel","BAL",22,"OF",2025,"Late"
505,"Anthony Gutierrez","TEX",19,"OF",2026,"Mid"
506,"Edward Duran","TOR",20,"C/1B",2027,"Early"
507,"Bo Bonds","TOR",23,"P",2026,"Early"
508,"Carlos De La Cruz","PHI",24,"1B/OF",2024,"Mid"
509,"Reggie Crawford","SF",23,"P",2025,"Mid"
510,"Jay Harry","MIN",21,"2B/3B/SS",2026,"Late"
511,"Jose Ramos","LAD",23,"OF",2024,"Mid"
512,"Jose Colmenares - NYY","NYY",22,"2B",2027,"Mid"
513,"Aidan Curry","TEX",21,"P",2025,"Late"
514,"Andrew Pinckney","WSH",23,"OF",2026,"Late"
515,"Brooks Brannon","BOS",20,"C",2027,"Late"
516,"Cooper Ingle","CLE",22,"C",2026,"Early"
517,"Jonathan Cannon","CHW",23,"P",2024,"Late"
518,"Derek Bernard","COL",18,"SS",2028,"Early"
519,"B.J. Murray Jr.","CHC",24,"3B/1B",2024,"Late"
520,"C.J. Kayfus","CLE",22,"1B/OF",2025,"Late"
521,"Zyhir Hope","LAD",19,"OF",2027,"Mid"
522,"Caden Grice","ARI",22,"1B/P",2025,"Mid"
523,"Thomas Sosa","BAL",19,"OF",2027,"Early"
524,"Yonathan Perlaza","CHC",25,"OF",2024,"Mid"
525,"Quinn McDaniel","SF",21,"2B",2026,"Mid"
526,"Joey Estes","OAK",22,"P",2023,"Late"
527,"Cory Lewis","MIN",23,"P",2025,"Mid"
528,"Yiddi Cappe","MIA",21,"SS",2024,"Late"
529,"Juaron Watts-Brown","TOR",21,"P",2025,"Late"
